customer_id,region,acquisition_channel,membership_tier,preferred_category,tenure_months,orders,spend,avg_basket,discount_share,return_rate,support_tickets,days_since_order,email_engagement,satisfaction_score,lifetime_value,churned,latent_segment,recommended_action
C-00001,Western Australia,search,none,apparel,14,13,1123.49,86.42,0.217,0.127,1,39,0.534,8.5,1415.6,0,Frequent-regulars,Free shipping threshold reminder
C-00002,New South Wales,paid-social,gold,footwear,33,29,5075.08,175,0.18,0.036,2,6,0.856,10,7358.87,0,VIP-loyalists,Early access and premium bundle
C-00003,New South Wales,referral,gold,jackets,31,17,2364.76,139.1,0.111,0.028,2,21,0.607,7.8,3381.61,0,High-value-loyalists,Loyalty upgrade with category cross-sell
C-00004,South Australia,referral,none,packs,29,9,760.81,84.53,0.083,0.053,1,25,0.45,6.8,1072.74,0,Frequent-regulars,Free shipping threshold reminder
C-00005,Queensland,paid-social,bronze,jackets,31,5,404.21,80.84,0.405,0.157,1,142,0.244,6.2,578.02,1,Lapsing-customers,Win-back offer with service recovery
C-00006,Tasmania,search,none,accessories,7,4,234.5,58.63,0.132,0.123,2,13,0.64,8.3,279.06,0,Emerging-shoppers,Second-purchase education sequence
C-00007,Tasmania,retail-store,none,jackets,2,4,258.87,64.72,0.36,0.107,2,23,0.495,7.5,295.11,0,Emerging-shoppers,Second-purchase education sequence
C-00008,Queensland,organic,bronze,camp,25,6,423.33,70.56,0.35,0.171,2,111,0.222,5.9,579.96,1,Lapsing-customers,Win-back offer with service recovery
C-00009,Tasmania,referral,none,jackets,2,5,349.21,69.84,0.343,0.059,1,17,0.548,9.7,398.1,0,Emerging-shoppers,Second-purchase education sequence
C-00010,Western Australia,search,bronze,hydration,28,10,792.91,79.29,0.251,0.095,2,35,0.642,8.3,1110.07,0,Frequent-regulars,Free shipping threshold reminder
C-00011,Western Australia,retail-store,none,recovery,19,2,126.54,63.27,0.242,0.039,2,21,0.599,7.4,165.77,0,Emerging-shoppers,Second-purchase education sequence
C-00012,South Australia,paid-social,none,accessories,32,17,1367.75,80.46,0.184,0.113,2,25,0.593,6.7,1969.56,0,Frequent-regulars,Free shipping threshold reminder
C-00013,Tasmania,paid-social,none,camp,25,13,1042.97,80.23,0.17,0.085,0,37,0.407,8.3,1428.87,0,Frequent-regulars,Free shipping threshold reminder
C-00014,Western Australia,retail-store,none,hydration,16,11,847.94,77.09,0.132,0.089,4,31,0.611,7.9,1085.36,0,Frequent-regulars,Free shipping threshold reminder
C-00015,South Australia,retail-store,none,accessories,3,7,466.86,66.69,0.324,0.044,2,21,0.647,7.5,536.89,0,Emerging-shoppers,Second-purchase education sequence
C-00016,Tasmania,organic,silver,packs,2,4,230.48,57.62,0.157,0.16,1,19,0.775,8.7,262.75,0,Emerging-shoppers,Second-purchase education sequence
C-00017,New South Wales,retail-store,none,footwear,23,12,1002.25,83.52,0.135,0.037,1,30,0.47,6.6,1353.04,0,Frequent-regulars,Free shipping threshold reminder
C-00018,Western Australia,referral,silver,footwear,30,6,436.36,72.73,0.201,0.1,1,32,0.603,7.8,619.63,0,Frequent-regulars,Free shipping threshold reminder
C-00019,Victoria,paid-social,none,apparel,27,7,542.57,77.51,0.391,0.164,4,97,0.099,3.8,754.17,1,Lapsing-customers,Win-back offer with service recovery
C-00020,New South Wales,referral,bronze,jackets,2,6,368.97,61.5,0.304,0.059,1,19,0.698,7.7,420.63,0,Emerging-shoppers,Second-purchase education sequence
C-00021,Tasmania,organic,none,recovery,24,14,1243.68,88.83,0.121,0.051,0,24,0.4,7.4,1691.4,0,Frequent-regulars,Free shipping threshold reminder
C-00022,New South Wales,paid-social,silver,camp,22,9,680.8,75.64,0.267,0.113,1,118,0.191,6.8,912.27,1,Lapsing-customers,Win-back offer with service recovery
C-00023,South Australia,referral,gold,packs,43,23,3957.26,172.05,0.154,0,0,7,0.965,8.8,6133.75,0,VIP-loyalists,Early access and premium bundle
C-00024,South Australia,retail-store,silver,apparel,33,18,2362.52,131.25,0.165,0.124,0,23,0.857,10,3425.65,0,High-value-loyalists,Loyalty upgrade with category cross-sell
C-00025,South Australia,search,silver,camp,23,7,536.94,76.71,0.341,0.146,4,101,0.185,6.8,724.87,1,Lapsing-customers,Win-back offer with service recovery
C-00026,Queensland,paid-social,gold,jackets,36,43,7690.62,178.85,0.115,0.018,0,1,0.847,8.6,11382.12,0,VIP-loyalists,Early access and premium bundle
C-00027,Victoria,organic,silver,apparel,33,22,2755.82,125.26,0.129,0,2,20,0.525,8.5,3995.94,0,High-value-loyalists,Loyalty upgrade with category cross-sell
C-00028,Victoria,search,none,accessories,11,4,295.06,73.76,0.212,0.067,0,23,0.605,8.8,362.92,0,Emerging-shoppers,Second-purchase education sequence
C-00029,Victoria,search,none,packs,17,15,1152.55,76.84,0.263,0.155,0,25,0.548,8.1,1486.79,0,Frequent-regulars,Free shipping threshold reminder
C-00030,South Australia,organic,gold,apparel,30,11,1873.02,170.27,0.078,0.068,0,6,0.98,8.9,2659.69,0,VIP-loyalists,Early access and premium bundle
C-00031,Western Australia,search,bronze,apparel,17,5,354.63,70.93,0.208,0.078,1,17,0.608,7.8,457.47,1,Emerging-shoppers,Second-purchase education sequence
C-00032,Queensland,paid-social,gold,hydration,33,33,5747.42,174.16,0.12,0.054,0,13,0.968,9.7,8333.76,0,VIP-loyalists,Early access and premium bundle
C-00033,Queensland,referral,none,recovery,16,8,667.37,83.42,0.166,0.144,2,24,0.465,8.7,854.23,0,Frequent-regulars,Free shipping threshold reminder
C-00034,New South Wales,referral,none,apparel,27,6,459.25,76.54,0.164,0.063,1,43,0.71,8.6,638.36,0,Frequent-regulars,Free shipping threshold reminder
C-00035,New South Wales,retail-store,bronze,footwear,20,15,1305.69,87.05,0.161,0.044,1,33,0.562,9.3,1723.51,0,Frequent-regulars,Free shipping threshold reminder
C-00036,New South Wales,retail-store,silver,recovery,38,17,2341.94,137.76,0.062,0.068,0,18,0.689,8.1,3512.91,0,High-value-loyalists,Loyalty upgrade with category cross-sell
C-00037,Queensland,paid-social,none,recovery,19,10,1001.75,100.17,0.318,0.063,1,18,0.561,8.1,1312.29,1,Frequent-regulars,Free shipping threshold reminder
C-00038,Queensland,search,none,hydration,2,2,143.99,72,0.226,0.052,1,18,0.548,7.9,164.15,0,Emerging-shoppers,Second-purchase education sequence
C-00039,Tasmania,search,bronze,apparel,29,15,1231.78,82.12,0.072,0.134,0,25,0.695,6.6,1736.81,0,Frequent-regulars,Free shipping threshold reminder
C-00040,Victoria,search,silver,accessories,20,13,1177.42,90.57,0.237,0.156,2,31,0.337,9.1,1554.19,0,Frequent-regulars,Free shipping threshold reminder
C-00041,New South Wales,retail-store,bronze,hydration,24,10,755.7,75.57,0.124,0.101,1,20,0.55,8.4,1027.75,0,Frequent-regulars,Free shipping threshold reminder
C-00042,Tasmania,organic,bronze,apparel,16,12,985.85,82.15,0.185,0.044,1,28,0.504,7.4,1261.89,0,Frequent-regulars,Free shipping threshold reminder
C-00043,Victoria,paid-social,none,accessories,4,5,327.43,65.49,0.266,0.078,2,25,0.685,8,379.82,0,Emerging-shoppers,Second-purchase education sequence
C-00044,New South Wales,organic,gold,packs,33,15,1972.93,131.53,0,0.063,2,18,0.638,8.2,2860.75,0,High-value-loyalists,Loyalty upgrade with category cross-sell
C-00045,Western Australia,search,none,recovery,25,8,601.47,75.18,0.192,0.153,3,136,0.223,4,824.01,1,Lapsing-customers,Win-back offer with service recovery
C-00046,New South Wales,retail-store,silver,apparel,29,17,2174.7,127.92,0.113,0.053,1,20,0.607,7.6,3066.33,0,High-value-loyalists,Loyalty upgrade with category cross-sell
C-00047,Tasmania,paid-social,bronze,accessories,6,7,485.31,69.33,0.168,0.075,1,25,0.632,9.5,572.67,0,Emerging-shoppers,Second-purchase education sequence
C-00048,South Australia,retail-store,silver,camp,22,13,1115.23,85.79,0.296,0.126,3,43,0.517,7.5,1494.41,1,Frequent-regulars,Free shipping threshold reminder
C-00049,Victoria,paid-social,none,footwear,27,4,295.59,73.9,0.367,0.189,4,131,0.03,5.5,410.87,1,Lapsing-customers,Win-back offer with service recovery
C-00050,Western Australia,organic,silver,apparel,26,7,519.78,74.25,0.319,0.214,3,142,0.347,6.7,717.3,1,Lapsing-customers,Win-back offer with service recovery
C-00051,Queensland,search,bronze,accessories,35,5,371.74,74.35,0.322,0.16,2,105,0.02,6.7,546.46,1,Lapsing-customers,Win-back offer with service recovery
C-00052,New South Wales,search,silver,accessories,25,6,482.31,80.39,0.235,0.218,2,119,0.316,5.4,660.76,1,Lapsing-customers,Win-back offer with service recovery
C-00053,Victoria,search,silver,camp,31,33,5350.8,162.15,0.063,0.001,0,1,0.875,9.2,7651.64,0,VIP-loyalists,Early access and premium bundle
C-00054,Tasmania,organic,bronze,jackets,26,5,370.51,74.1,0.311,0.123,5,81,0.356,7.2,511.3,1,Lapsing-customers,Win-back offer with service recovery
C-00055,Victoria,search,bronze,packs,29,12,1047.07,87.26,0.177,0.071,0,28,0.666,7.5,1476.37,0,Frequent-regulars,Free shipping threshold reminder
C-00056,Victoria,retail-store,none,jackets,9,5,380.25,76.05,0.21,0.109,0,22,0.673,7.9,460.1,0,Emerging-shoppers,Second-purchase education sequence
C-00057,South Australia,paid-social,none,packs,28,4,256.79,64.2,0.316,0.162,3,109,0.136,5.4,359.51,1,Lapsing-customers,Win-back offer with service recovery
C-00058,Victoria,paid-social,gold,packs,28,14,2058.29,147.02,0.104,0.067,0,21,0.608,8.7,2881.61,0,High-value-loyalists,Loyalty upgrade with category cross-sell
C-00059,Victoria,search,none,hydration,2,4,296.05,74.01,0.25,0.064,2,24,0.716,7.8,337.5,0,Emerging-shoppers,Second-purchase education sequence
C-00060,New South Wales,organic,none,recovery,21,7,570.09,81.44,0.252,0.199,1,115,0.201,6.6,758.22,0,Lapsing-customers,Win-back offer with service recovery
C-00061,South Australia,referral,silver,accessories,21,6,506.66,84.44,0.291,0.161,3,168,0.134,6.1,673.86,1,Lapsing-customers,Win-back offer with service recovery
C-00062,Victoria,retail-store,none,packs,23,8,588.19,73.52,0.265,0.147,5,90,0.192,6.2,794.06,1,Lapsing-customers,Win-back offer with service recovery
C-00063,Victoria,paid-social,none,footwear,21,12,752.21,62.68,0.29,0.076,1,28,0.493,7.8,1000.44,0,Frequent-regulars,Free shipping threshold reminder
C-00064,New South Wales,referral,silver,packs,25,14,1828.2,130.59,0.158,0.062,2,19,0.768,7.8,2504.63,0,High-value-loyalists,Loyalty upgrade with category cross-sell
C-00065,South Australia,referral,silver,jackets,19,20,2559.86,127.99,0.149,0.024,0,15,0.557,8.9,3353.42,0,High-value-loyalists,Loyalty upgrade with category cross-sell
C-00066,Tasmania,retail-store,bronze,accessories,22,11,863.85,78.53,0.226,0.095,1,25,0.625,7,1157.56,0,Frequent-regulars,Free shipping threshold reminder
C-00067,Tasmania,referral,none,footwear,24,7,577.2,82.46,0.371,0.096,3,133,0.33,4.9,784.99,0,Lapsing-customers,Win-back offer with service recovery
C-00068,Queensland,referral,silver,camp,26,14,1301.08,92.93,0.24,0.104,3,35,0.619,8.1,1795.49,0,Frequent-regulars,Free shipping threshold reminder
C-00069,Tasmania,retail-store,none,jackets,18,12,937.84,78.15,0.199,0.038,0,40,0.541,7.1,1219.19,0,Frequent-regulars,Free shipping threshold reminder
C-00070,Tasmania,search,none,jackets,22,10,861.65,86.16,0.241,0.089,2,36,0.594,8,1154.61,0,Frequent-regulars,Free shipping threshold reminder
C-00071,Western Australia,referral,none,footwear,16,8,581.29,72.66,0.23,0.044,1,29,0.59,7.4,744.05,0,Frequent-regulars,Free shipping threshold reminder
C-00072,Queensland,paid-social,none,footwear,29,9,698.9,77.66,0.299,0.15,4,121,0.104,6.1,985.45,1,Lapsing-customers,Win-back offer with service recovery
C-00073,South Australia,referral,silver,footwear,20,12,1039.22,86.6,0.204,0.081,1,42,0.556,8.1,1371.77,0,Frequent-regulars,Free shipping threshold reminder
C-00074,New South Wales,search,none,accessories,25,2,146.72,73.36,0.299,0.113,3,131,0.241,6.5,201.01,1,Lapsing-customers,Win-back offer with service recovery
C-00075,South Australia,referral,none,accessories,30,12,928.25,77.35,0.153,0.127,1,29,0.627,7.9,1318.12,0,Frequent-regulars,Free shipping threshold reminder
C-00076,Tasmania,retail-store,bronze,footwear,20,4,328.31,82.08,0.342,0.153,3,99,0.034,6.8,433.37,1,Lapsing-customers,Win-back offer with service recovery
C-00077,Tasmania,referral,bronze,recovery,15,12,1046.28,87.19,0.206,0.048,2,28,0.621,7.2,1328.78,0,Frequent-regulars,Free shipping threshold reminder
C-00078,Queensland,organic,none,accessories,26,7,597.21,85.32,0.236,0.156,2,95,0.27,5.9,824.15,0,Lapsing-customers,Win-back offer with service recovery
C-00079,Victoria,paid-social,silver,apparel,19,14,1235.68,88.26,0.08,0.022,2,26,0.522,6.9,1618.74,0,Frequent-regulars,Free shipping threshold reminder
C-00080,Victoria,retail-store,silver,jackets,9,4,300.41,75.1,0.276,0.117,0,15,0.61,7.4,363.5,0,Emerging-shoppers,Second-purchase education sequence
C-00081,Tasmania,paid-social,none,apparel,28,11,865.23,78.66,0.153,0.075,0,24,0.697,8.2,1211.32,0,Frequent-regulars,Free shipping threshold reminder
C-00082,Queensland,retail-store,none,apparel,20,10,789.01,78.9,0.157,0,0,39,0.401,8.9,1041.49,1,Frequent-regulars,Free shipping threshold reminder
C-00083,New South Wales,referral,gold,hydration,28,13,1718.79,132.21,0.185,0.06,2,17,0.683,7.7,2406.31,0,High-value-loyalists,Loyalty upgrade with category cross-sell
C-00084,Western Australia,search,gold,recovery,32,25,4538.85,181.55,0.084,0.091,1,6,0.928,9,6535.94,0,VIP-loyalists,Early access and premium bundle
C-00085,Western Australia,paid-social,silver,packs,29,8,680.84,85.1,0.202,0.086,1,28,0.629,7.3,959.98,0,Frequent-regulars,Free shipping threshold reminder
C-00086,Western Australia,paid-social,bronze,apparel,17,4,302.56,75.64,0.26,0.176,3,112,0.232,5.9,390.3,1,Lapsing-customers,Win-back offer with service recovery
C-00087,Victoria,retail-store,none,footwear,7,4,302.08,75.52,0.253,0.096,2,22,0.566,8,359.48,0,Emerging-shoppers,Second-purchase education sequence
C-00088,New South Wales,search,none,packs,18,12,941,78.42,0.186,0.088,1,31,0.651,6.6,1223.3,0,Frequent-regulars,Free shipping threshold reminder
C-00089,New South Wales,paid-social,silver,camp,14,4,280.22,70.05,0.179,0.085,1,19,0.865,9.1,353.08,0,Emerging-shoppers,Second-purchase education sequence
C-00090,South Australia,referral,none,camp,10,4,319.2,79.8,0.22,0.074,0,15,0.57,9.2,389.42,0,Emerging-shoppers,Second-purchase education sequence
C-00091,New South Wales,referral,silver,camp,26,7,487.86,69.69,0.216,0.18,2,121,0.166,5.7,673.25,1,Lapsing-customers,Win-back offer with service recovery
C-00092,New South Wales,retail-store,bronze,jackets,12,18,1426.87,79.27,0.19,0.065,2,28,0.371,7.3,1769.32,1,Frequent-regulars,Free shipping threshold reminder
C-00093,New South Wales,retail-store,bronze,recovery,25,6,424.84,70.81,0.425,0.164,1,167,0.203,7.1,582.03,1,Lapsing-customers,Win-back offer with service recovery
C-00094,New South Wales,referral,none,footwear,10,4,318.35,79.59,0.262,0.07,0,21,0.685,7.2,388.39,0,Emerging-shoppers,Second-purchase education sequence
C-00095,Queensland,retail-store,none,apparel,19,12,938.92,78.24,0.132,0.063,1,28,0.465,7.8,1229.99,0,Frequent-regulars,Free shipping threshold reminder
C-00096,South Australia,paid-social,silver,packs,28,14,1895.83,135.42,0.182,0.007,0,20,0.815,7.9,2654.16,0,High-value-loyalists,Loyalty upgrade with category cross-sell
C-00097,South Australia,paid-social,silver,apparel,19,12,907.02,75.58,0.232,0.118,1,23,0.611,7.8,1188.2,0,Frequent-regulars,Free shipping threshold reminder
C-00098,Queensland,referral,silver,packs,4,3,153.86,51.29,0.307,0.107,1,17,0.617,7.2,178.48,1,Emerging-shoppers,Second-purchase education sequence
C-00099,South Australia,retail-store,gold,hydration,30,12,1509.96,125.83,0.114,0,1,20,0.755,8.8,2144.14,0,High-value-loyalists,Loyalty upgrade with category cross-sell
C-00100,New South Wales,retail-store,none,accessories,12,10,753.45,75.34,0.145,0.024,1,38,0.714,8.1,934.28,1,Frequent-regulars,Free shipping threshold reminder
C-00101,Tasmania,retail-store,silver,jackets,29,18,2484.83,138.05,0.039,0,2,22,0.777,8.6,3503.61,0,High-value-loyalists,Loyalty upgrade with category cross-sell
C-00102,New South Wales,paid-social,bronze,apparel,30,7,618.83,88.4,0.28,0.095,0,129,0.425,5.1,878.74,1,Lapsing-customers,Win-back offer with service recovery
C-00103,New South Wales,retail-store,none,recovery,2,4,273.2,68.3,0.284,0.098,2,13,0.562,8.2,311.45,0,Emerging-shoppers,Second-purchase education sequence
C-00104,Western Australia,retail-store,none,recovery,12,12,957.67,79.81,0.18,0.083,0,31,0.606,7.3,1187.51,0,Frequent-regulars,Free shipping threshold reminder
C-00105,Western Australia,referral,none,jackets,15,4,264.92,66.23,0.324,0.125,2,161,0.25,7,336.45,1,Lapsing-customers,Win-back offer with service recovery
C-00106,Western Australia,referral,silver,recovery,31,19,2551.69,134.3,0.165,0.079,1,18,0.727,9.4,3648.92,0,High-value-loyalists,Loyalty upgrade with category cross-sell
C-00107,Victoria,retail-store,silver,recovery,37,31,5098.51,164.47,0.053,0.063,0,4,0.761,8.4,7596.78,0,VIP-loyalists,Early access and premium bundle
C-00108,Western Australia,paid-social,silver,footwear,7,1,93.03,93.03,0.206,0.123,1,21,0.74,10,110.71,0,Emerging-shoppers,Second-purchase education sequence
C-00109,Victoria,referral,silver,recovery,23,18,2438.33,135.46,0.068,0.13,1,10,0.757,8.5,3291.75,0,High-value-loyalists,Loyalty upgrade with category cross-sell
C-00110,Western Australia,organic,none,packs,3,5,289.72,57.94,0.282,0.081,1,23,0.51,5.8,333.18,0,Emerging-shoppers,Second-purchase education sequence
C-00111,Western Australia,referral,bronze,camp,25,6,468.11,78.02,0.333,0.197,2,84,0.341,5.6,641.31,0,Lapsing-customers,Win-back offer with service recovery
C-00112,Queensland,referral,none,footwear,27,9,728.47,80.94,0.191,0,2,23,0.708,8.3,1012.57,0,Frequent-regulars,Free shipping threshold reminder
C-00113,Queensland,retail-store,silver,recovery,15,3,180.17,60.06,0.207,0.104,1,22,0.694,8.1,228.82,0,Emerging-shoppers,Second-purchase education sequence
C-00114,Queensland,referral,none,packs,22,6,483.28,80.55,0.377,0.179,1,109,0.322,6.6,647.6,1,Lapsing-customers,Win-back offer with service recovery
C-00115,Tasmania,referral,bronze,hydration,23,5,371.36,74.27,0.366,0.171,1,138,0.046,7.2,501.34,0,Lapsing-customers,Win-back offer with service recovery
C-00116,New South Wales,retail-store,silver,footwear,17,6,482.76,80.46,0.381,0.124,3,156,0.15,5,622.76,1,Lapsing-customers,Win-back offer with service recovery
C-00117,Western Australia,retail-store,silver,footwear,4,4,288.34,72.08,0.351,0.004,4,22,0.553,7.2,334.47,0,Emerging-shoppers,Second-purchase education sequence
C-00118,Tasmania,retail-store,silver,footwear,8,3,215.44,71.81,0.144,0.066,1,21,0.8,7.7,258.53,0,Emerging-shoppers,Second-purchase education sequence
C-00119,Western Australia,retail-store,silver,hydration,24,16,2105.45,131.59,0.144,0.083,1,22,0.793,8.2,2863.41,0,High-value-loyalists,Loyalty upgrade with category cross-sell
C-00120,Victoria,search,bronze,recovery,23,5,409.85,81.97,0.241,0.124,2,131,0.192,3.9,553.3,1,Lapsing-customers,Win-back offer with service recovery
C-00121,Western Australia,search,none,camp,24,9,708.76,78.75,0.319,0.122,3,128,0.124,5.9,963.91,1,Lapsing-customers,Win-back offer with service recovery
C-00122,Tasmania,paid-social,none,apparel,26,6,478.65,79.77,0.322,0.117,3,142,0.216,7.3,660.54,1,Lapsing-customers,Win-back offer with service recovery
C-00123,Victoria,search,bronze,footwear,24,6,479.33,79.89,0.363,0.152,5,114,0.077,5.7,651.89,1,Lapsing-customers,Win-back offer with service recovery
C-00124,Queensland,retail-store,none,footwear,26,15,1217.93,81.2,0.242,0.046,0,36,0.596,6.4,1680.74,0,Frequent-regulars,Free shipping threshold reminder
C-00125,Tasmania,search,none,recovery,22,13,1047.49,80.58,0.195,0.032,1,28,0.68,7.2,1403.64,0,Frequent-regulars,Free shipping threshold reminder
C-00126,New South Wales,retail-store,gold,accessories,28,20,3321.1,166.06,0.149,0.079,1,4,0.844,7.9,4649.54,0,VIP-loyalists,Early access and premium bundle
C-00127,Victoria,referral,bronze,footwear,24,14,1140.66,81.48,0.135,0,3,42,0.59,7.4,1551.3,1,Frequent-regulars,Free shipping threshold reminder
C-00128,Queensland,search,silver,jackets,11,13,1132.47,87.11,0.119,0.055,1,28,0.578,8,1392.94,0,Frequent-regulars,Free shipping threshold reminder
C-00129,Queensland,retail-store,silver,footwear,33,4,288.14,72.03,0.213,0.136,4,143,0.201,6.8,417.8,1,Lapsing-customers,Win-back offer with service recovery
C-00130,Western Australia,referral,none,packs,7,3,203.12,67.71,0.199,0.078,1,21,0.623,8.8,241.71,0,Emerging-shoppers,Second-purchase education sequence
C-00131,Western Australia,retail-store,gold,hydration,30,18,2388.62,132.7,0.176,0.098,3,18,0.855,8,3391.84,0,High-value-loyalists,Loyalty upgrade with category cross-sell
C-00132,Tasmania,referral,silver,camp,28,17,2189.94,128.82,0.188,0.045,1,16,0.789,8,3065.92,0,High-value-loyalists,Loyalty upgrade with category cross-sell
C-00133,Victoria,referral,none,footwear,20,7,487.77,69.68,0.185,0.099,0,20,0.587,8.2,643.86,0,Emerging-shoppers,Second-purchase education sequence
C-00134,Victoria,referral,gold,footwear,34,20,2484.63,124.23,0.237,0.049,3,11,0.807,9.3,3627.56,0,High-value-loyalists,Loyalty upgrade with category cross-sell
C-00135,Queensland,organic,silver,packs,11,10,890.06,89.01,0.192,0.053,1,40,0.56,7.4,1094.77,0,Frequent-regulars,Free shipping threshold reminder
C-00136,New South Wales,referral,silver,camp,27,15,1352.38,90.16,0.219,0.075,1,31,0.527,7.1,1879.81,0,Frequent-regulars,Free shipping threshold reminder
C-00137,Victoria,search,silver,jackets,18,14,1179.02,84.22,0.121,0.101,1,33,0.794,7.7,1532.73,0,Frequent-regulars,Free shipping threshold reminder
C-00138,Western Australia,referral,silver,footwear,26,22,3040.24,138.19,0.121,0.001,0,17,0.786,8.6,4195.53,0,High-value-loyalists,Loyalty upgrade with category cross-sell
C-00139,New South Wales,retail-store,bronze,accessories,22,10,818.78,81.88,0.223,0.001,2,30,0.553,7.1,1097.17,0,Frequent-regulars,Free shipping threshold reminder
C-00140,Tasmania,referral,silver,apparel,27,14,1855.6,132.54,0.121,0,1,16,0.695,7.8,2579.28,0,High-value-loyalists,Loyalty upgrade with category cross-sell
C-00141,Tasmania,retail-store,silver,camp,8,4,262.13,65.53,0.235,0.15,0,24,0.695,7.5,314.56,0,Emerging-shoppers,Second-purchase education sequence
C-00142,Victoria,paid-social,bronze,apparel,8,7,478.48,68.35,0.177,0.112,0,25,0.717,7.7,574.18,1,Emerging-shoppers,Second-purchase education sequence
C-00143,Tasmania,retail-store,silver,accessories,39,31,5628.98,181.58,0,0.056,1,12,0.846,8.5,8499.76,0,VIP-loyalists,Early access and premium bundle
C-00144,New South Wales,paid-social,none,camp,2,5,388.95,77.79,0.248,0.087,1,25,0.684,7.4,443.4,0,Emerging-shoppers,Second-purchase education sequence
C-00145,Western Australia,search,silver,camp,13,3,223.19,74.4,0.133,0.118,0,14,0.547,6.4,278.99,1,Emerging-shoppers,Second-purchase education sequence
C-00146,Queensland,organic,none,camp,4,4,279.5,69.88,0.138,0.041,0,24,0.565,8.4,324.22,0,Emerging-shoppers,Second-purchase education sequence
C-00147,Western Australia,search,none,recovery,25,9,754.01,83.78,0.217,0.157,0,24,0.695,8.3,1032.99,1,Frequent-regulars,Free shipping threshold reminder
C-00148,Queensland,referral,none,camp,27,7,604.78,86.4,0.209,0.076,2,39,0.678,7.9,840.64,0,Frequent-regulars,Free shipping threshold reminder
C-00149,New South Wales,search,none,apparel,18,5,296.53,59.31,0.246,0.039,2,24,0.756,8.5,385.49,0,Emerging-shoppers,Second-purchase education sequence
C-00150,Victoria,organic,gold,packs,39,22,3479.45,158.16,0.037,0.014,1,7,0.98,8,5253.97,1,VIP-loyalists,Early access and premium bundle
C-00151,Victoria,referral,bronze,accessories,20,14,1197.36,85.53,0.118,0.104,2,32,0.576,7.5,1580.52,0,Frequent-regulars,Free shipping threshold reminder
C-00152,Victoria,retail-store,silver,jackets,30,20,2832.38,141.62,0.096,0.118,1,20,0.669,7.7,4021.98,0,High-value-loyalists,Loyalty upgrade with category cross-sell
C-00153,Victoria,search,none,apparel,24,15,1310.14,87.34,0.158,0.079,3,36,0.631,7.1,1781.79,0,Frequent-regulars,Free shipping threshold reminder
C-00154,Queensland,referral,bronze,recovery,5,2,162.63,81.31,0.221,0.097,2,24,0.737,7.8,190.28,0,Emerging-shoppers,Second-purchase education sequence
C-00155,Tasmania,retail-store,silver,camp,31,8,638.46,79.81,0.26,0.16,1,91,0.176,5,913,1,Lapsing-customers,Win-back offer with service recovery
C-00156,New South Wales,paid-social,none,hydration,2,4,304.5,76.13,0.208,0.141,0,19,0.635,8.3,347.13,0,Emerging-shoppers,Second-purchase education sequence
C-00157,Western Australia,retail-store,none,packs,2,4,299.02,74.75,0.173,0.043,0,25,0.635,7.4,340.88,0,Emerging-shoppers,Second-purchase education sequence
C-00158,South Australia,search,bronze,hydration,22,13,994.72,76.52,0.23,0.092,1,29,0.397,6.7,1332.92,0,Frequent-regulars,Free shipping threshold reminder
C-00159,New South Wales,referral,none,camp,20,13,1031.84,79.37,0.167,0.073,2,31,0.581,7.6,1362.03,0,Frequent-regulars,Free shipping threshold reminder
C-00160,New South Wales,paid-social,bronze,jackets,29,5,326.93,65.39,0.272,0.152,2,125,0.14,6.9,460.97,0,Lapsing-customers,Win-back offer with service recovery
C-00161,Queensland,search,bronze,jackets,6,8,484.89,60.61,0.208,0.09,0,24,0.62,7.9,572.17,1,Emerging-shoppers,Second-purchase education sequence
C-00162,Queensland,paid-social,silver,packs,21,15,2028.17,135.21,0.119,0.087,5,19,0.67,7.4,2697.47,1,High-value-loyalists,Loyalty upgrade with category cross-sell
C-00163,Tasmania,retail-store,silver,hydration,8,1,96.44,96.44,0.262,0.108,0,12,0.521,8.8,115.73,0,Emerging-shoppers,Second-purchase education sequence
C-00164,Tasmania,referral,none,apparel,6,4,237.16,59.29,0.252,0.111,0,13,0.55,8.3,279.85,0,Emerging-shoppers,Second-purchase education sequence
C-00165,New South Wales,organic,bronze,packs,23,16,1276.06,79.75,0.213,0.098,1,27,0.738,7.4,1722.68,0,Frequent-regulars,Free shipping threshold reminder
C-00166,Queensland,referral,bronze,jackets,20,13,1077.25,82.87,0.145,0.076,3,24,0.553,7.7,1421.97,0,Frequent-regulars,Free shipping threshold reminder
C-00167,Tasmania,referral,none,apparel,2,2,128.79,64.4,0.204,0.058,1,14,0.572,8,146.82,0,Emerging-shoppers,Second-purchase education sequence
C-00168,South Australia,retail-store,none,apparel,24,10,821.66,82.17,0.247,0.057,1,29,0.429,7.9,1117.46,0,Frequent-regulars,Free shipping threshold reminder
C-00169,Tasmania,referral,none,hydration,19,6,418.62,69.77,0.269,0.101,3,123,0.277,5.7,548.39,1,Lapsing-customers,Win-back offer with service recovery
C-00170,Western Australia,referral,silver,jackets,27,20,2433.5,121.67,0.148,0.034,0,21,0.745,8.2,3382.57,0,High-value-loyalists,Loyalty upgrade with category cross-sell
C-00171,Tasmania,organic,silver,recovery,14,12,979.24,81.6,0.144,0.082,1,34,0.764,8.6,1233.84,0,Frequent-regulars,Free shipping threshold reminder
C-00172,Western Australia,retail-store,bronze,accessories,17,8,594.84,74.35,0.479,0.129,5,137,0.37,4.5,767.34,1,Lapsing-customers,Win-back offer with service recovery
C-00173,New South Wales,retail-store,none,hydration,7,6,449.99,75,0.182,0.113,0,19,0.637,8.4,535.49,0,Emerging-shoppers,Second-purchase education sequence
C-00174,Western Australia,referral,silver,hydration,31,9,702.07,78.01,0.343,0.187,1,99,0.128,5.2,1003.96,1,Lapsing-customers,Win-back offer with service recovery
C-00175,South Australia,retail-store,none,apparel,24,12,940.15,78.35,0.149,0.08,1,22,0.583,6.2,1278.6,0,Frequent-regulars,Free shipping threshold reminder
C-00176,Western Australia,organic,none,recovery,20,7,523.88,74.84,0.169,0.125,3,27,0.414,6.9,691.52,0,Frequent-regulars,Free shipping threshold reminder
C-00177,South Australia,paid-social,silver,recovery,23,4,252.79,63.2,0.252,0.161,3,110,0.336,7.6,341.27,0,Lapsing-customers,Win-back offer with service recovery
C-00178,Western Australia,paid-social,none,hydration,2,5,386.7,77.34,0.229,0.086,1,25,0.586,9,440.84,0,Emerging-shoppers,Second-purchase education sequence
C-00179,Tasmania,referral,gold,recovery,27,13,2182.23,167.86,0.067,0.032,1,7,0.659,8.6,3033.3,0,VIP-loyalists,Early access and premium bundle
C-00180,Queensland,search,none,recovery,2,4,305.23,76.31,0.243,0.046,0,23,0.716,7,347.96,1,Emerging-shoppers,Second-purchase education sequence
C-00181,Tasmania,organic,none,footwear,11,3,215.23,71.74,0.2,0.083,0,22,0.514,7.7,264.73,0,Emerging-shoppers,Second-purchase education sequence
C-00182,Queensland,referral,gold,footwear,34,12,1497.53,124.79,0.045,0.028,0,14,0.601,8.5,2186.39,0,High-value-loyalists,Loyalty upgrade with category cross-sell
C-00183,Western Australia,paid-social,none,apparel,2,1,82.27,82.27,0.225,0.111,3,25,0.738,7.4,93.79,0,Emerging-shoppers,Second-purchase education sequence
C-00184,Queensland,referral,bronze,apparel,25,8,691.52,86.44,0.339,0.158,2,101,0.271,5.2,947.38,1,Lapsing-customers,Win-back offer with service recovery
C-00185,South Australia,referral,none,recovery,17,8,589.97,73.75,0.285,0.076,1,15,0.458,7.7,761.06,0,Emerging-shoppers,Second-purchase education sequence
C-00186,New South Wales,retail-store,gold,recovery,29,30,4971.02,165.7,0.034,0.096,3,6,0.861,7.8,7009.14,0,VIP-loyalists,Early access and premium bundle
C-00187,Tasmania,paid-social,gold,packs,31,27,4288.84,158.85,0.185,0.037,0,9,0.766,8.2,6133.04,0,VIP-loyalists,Early access and premium bundle
C-00188,New South Wales,organic,none,accessories,10,5,359.43,71.89,0.256,0.112,1,25,0.663,7.2,438.5,1,Emerging-shoppers,Second-purchase education sequence
C-00189,Victoria,organic,bronze,recovery,19,6,407.94,67.99,0.439,0.088,3,123,0.149,5.2,534.4,1,Lapsing-customers,Win-back offer with service recovery
C-00190,Victoria,organic,gold,accessories,26,23,3610.08,156.96,0,0.063,3,5,0.953,9.6,4981.91,0,VIP-loyalists,Early access and premium bundle
C-00191,Victoria,retail-store,silver,packs,31,16,1313.99,82.12,0.269,0.004,0,38,0.413,5.9,1879.01,0,Frequent-regulars,Free shipping threshold reminder
C-00192,Tasmania,organic,none,packs,26,14,1249.77,89.27,0.156,0.129,1,40,0.595,7.6,1724.68,0,Frequent-regulars,Free shipping threshold reminder
C-00193,South Australia,paid-social,none,hydration,18,4,288.6,72.15,0.244,0.063,3,16,0.575,6.9,375.18,0,Emerging-shoppers,Second-purchase education sequence
C-00194,Tasmania,paid-social,bronze,hydration,23,11,962.72,87.52,0.285,0.077,1,26,0.333,7.5,1299.67,0,Frequent-regulars,Free shipping threshold reminder
C-00195,New South Wales,referral,none,packs,18,10,879.49,87.95,0.287,0.154,3,129,0.266,6,1143.34,1,Lapsing-customers,Win-back offer with service recovery
C-00196,Queensland,paid-social,none,packs,15,1,50.85,50.85,0.239,0.011,0,21,0.49,8,64.58,0,Emerging-shoppers,Second-purchase education sequence
C-00197,New South Wales,retail-store,none,apparel,31,3,289.43,96.48,0.271,0.168,2,125,0.274,5.5,413.88,0,Lapsing-customers,Win-back offer with service recovery
C-00198,Queensland,search,none,hydration,29,7,492.63,70.38,0.331,0.15,4,85,0.196,5.3,694.61,1,Lapsing-customers,Win-back offer with service recovery
C-00199,Queensland,retail-store,gold,accessories,32,23,3168.29,137.75,0.066,0.023,0,12,0.752,8.7,4562.34,0,High-value-loyalists,Loyalty upgrade with category cross-sell
C-00200,Victoria,retail-store,silver,footwear,29,19,3108.36,163.6,0.109,0.058,0,9,0.931,8.5,4382.79,0,VIP-loyalists,Early access and premium bundle
C-00201,South Australia,organic,none,accessories,2,4,270.68,67.67,0.114,0.12,1,15,0.712,7.6,308.58,0,Emerging-shoppers,Second-purchase education sequence
C-00202,Victoria,retail-store,none,footwear,24,7,509.07,72.72,0.238,0.149,2,103,0.261,5.9,692.34,1,Lapsing-customers,Win-back offer with service recovery
C-00203,Tasmania,referral,none,accessories,13,5,334.68,66.94,0.324,0.125,0,18,0.542,8,418.35,0,Emerging-shoppers,Second-purchase education sequence
C-00204,Victoria,retail-store,bronze,camp,28,6,463.62,77.27,0.389,0.14,3,106,0.157,7.2,649.07,0,Lapsing-customers,Win-back offer with service recovery
C-00205,South Australia,organic,none,hydration,7,5,411.35,82.27,0.083,0.103,1,20,0.65,8.5,489.51,0,Emerging-shoppers,Second-purchase education sequence
C-00206,Tasmania,referral,silver,packs,20,13,1026.81,78.99,0.127,0.093,2,39,0.636,6.3,1355.39,0,Frequent-regulars,Free shipping threshold reminder
C-00207,Tasmania,retail-store,silver,footwear,37,20,3314.7,165.74,0,0.041,0,6,0.891,8.5,4938.9,1,VIP-loyalists,Early access and premium bundle
C-00208,Victoria,referral,silver,camp,32,10,873.09,87.31,0.17,0.1,2,30,0.528,6,1257.25,0,Frequent-regulars,Free shipping threshold reminder
C-00209,New South Wales,search,silver,packs,20,24,3387.06,141.13,0.113,0.118,1,18,0.601,8.9,4470.92,1,High-value-loyalists,Loyalty upgrade with category cross-sell
C-00210,Tasmania,paid-social,none,footwear,20,5,326.94,65.39,0.301,0.119,2,169,0.181,5.7,431.56,1,Lapsing-customers,Win-back offer with service recovery
C-00211,Western Australia,retail-store,none,hydration,25,12,994.01,82.83,0.077,0.052,2,37,0.379,8,1361.79,0,Frequent-regulars,Free shipping threshold reminder
C-00212,Tasmania,search,bronze,recovery,12,3,125.67,41.89,0.158,0.114,1,23,0.672,7.1,155.83,0,Emerging-shoppers,Second-purchase education sequence
C-00213,Tasmania,retail-store,silver,hydration,8,7,566.01,80.86,0.233,0.136,3,99,0.192,6.2,679.21,1,Lapsing-customers,Win-back offer with service recovery
C-00214,Victoria,paid-social,silver,camp,36,10,1311.63,131.16,0.137,0.138,0,14,0.436,7.8,1941.21,0,High-value-loyalists,Loyalty upgrade with category cross-sell
C-00215,South Australia,paid-social,silver,packs,29,6,535.57,89.26,0.328,0.176,3,90,0.198,5.1,755.15,1,Lapsing-customers,Win-back offer with service recovery
C-00216,Victoria,search,none,apparel,14,3,167.73,55.91,0.292,0.054,0,26,0.387,7.8,211.34,0,Emerging-shoppers,Second-purchase education sequence
C-00217,South Australia,search,none,hydration,22,16,1335.66,83.48,0.178,0.039,3,34,0.64,8.8,1789.78,1,Frequent-regulars,Free shipping threshold reminder
C-00218,Western Australia,search,silver,recovery,24,12,1093.77,91.15,0.263,0.106,0,27,0.554,6.9,1487.53,0,Frequent-regulars,Free shipping threshold reminder
C-00219,Queensland,retail-store,silver,camp,17,5,383.11,76.62,0.216,0.114,2,178,0.302,5.9,494.21,1,Lapsing-customers,Win-back offer with service recovery
C-00220,New South Wales,search,silver,hydration,27,6,493.92,82.32,0.377,0.186,4,181,0.103,5.5,686.55,1,Lapsing-customers,Win-back offer with service recovery
C-00221,Victoria,referral,none,packs,7,4,237.54,59.38,0.244,0.116,1,18,0.644,8.8,282.67,0,Emerging-shoppers,Second-purchase education sequence
C-00222,South Australia,paid-social,silver,packs,33,6,481.84,80.31,0.293,0.182,1,152,0.15,6.7,698.67,1,Lapsing-customers,Win-back offer with service recovery
C-00223,South Australia,search,silver,camp,13,12,926.62,77.22,0.165,0.114,0,19,0.523,7.3,1158.28,0,Frequent-regulars,Free shipping threshold reminder
C-00224,Queensland,search,silver,footwear,29,20,2843.18,142.16,0.061,0.041,0,20,0.72,9,4008.88,0,High-value-loyalists,Loyalty upgrade with category cross-sell
C-00225,Western Australia,search,gold,jackets,26,18,2295.21,127.51,0.002,0.009,0,22,0.591,8.2,3167.39,0,High-value-loyalists,Loyalty upgrade with category cross-sell
C-00226,Queensland,referral,bronze,footwear,32,6,438.72,73.12,0.335,0.113,4,129,0.325,3.9,631.76,1,Lapsing-customers,Win-back offer with service recovery
C-00227,Victoria,retail-store,gold,hydration,28,22,3985.91,181.18,0.031,0.025,2,10,0.793,9.7,5580.27,0,VIP-loyalists,Early access and premium bundle
C-00228,Tasmania,organic,silver,camp,26,6,488.43,81.41,0.314,0.24,4,124,0.278,5.9,674.03,0,Lapsing-customers,Win-back offer with service recovery
C-00229,Victoria,organic,none,recovery,11,4,189.51,47.38,0.289,0.072,0,22,0.563,7.1,233.1,0,Emerging-shoppers,Second-purchase education sequence
C-00230,Victoria,referral,none,footwear,21,6,452.58,75.43,0.31,0.217,3,113,0.112,6.2,601.93,1,Lapsing-customers,Win-back offer with service recovery
C-00231,Western Australia,search,bronze,hydration,10,5,328.28,65.66,0.302,0.096,0,21,0.623,7.6,400.5,0,Emerging-shoppers,Second-purchase education sequence
C-00232,New South Wales,search,none,jackets,23,17,1373.02,80.77,0.173,0.151,2,25,0.666,8.4,1853.58,0,Frequent-regulars,Free shipping threshold reminder
C-00233,New South Wales,retail-store,silver,camp,26,19,2388.6,125.72,0.102,0.014,0,15,0.545,9.3,3296.27,0,High-value-loyalists,Loyalty upgrade with category cross-sell
C-00234,Queensland,organic,none,camp,12,3,240.27,80.09,0.267,0.082,1,27,0.672,9.5,297.93,0,Emerging-shoppers,Second-purchase education sequence
C-00235,Victoria,retail-store,silver,hydration,24,18,2288.23,127.12,0.152,0.16,2,19,0.939,8.8,3111.99,0,High-value-loyalists,Loyalty upgrade with category cross-sell
C-00236,New South Wales,search,silver,camp,12,3,249.03,83.01,0.206,0.116,1,25,0.466,6.8,308.8,0,Emerging-shoppers,Second-purchase education sequence
C-00237,Queensland,search,silver,jackets,26,8,638.1,79.76,0.22,0.047,1,32,0.536,8,880.58,1,Frequent-regulars,Free shipping threshold reminder
C-00238,Victoria,referral,silver,footwear,2,2,168.89,84.44,0.188,0.105,2,26,0.714,8.4,192.53,0,Emerging-shoppers,Second-purchase education sequence
C-00239,Queensland,paid-social,none,packs,23,7,543.32,77.62,0.303,0.118,3,179,0.177,4.7,733.48,1,Lapsing-customers,Win-back offer with service recovery
C-00240,Queensland,organic,bronze,accessories,33,5,306.71,61.34,0.274,0.115,5,129,0.047,5.8,444.73,1,Lapsing-customers,Win-back offer with service recovery
C-00241,Tasmania,paid-social,gold,packs,44,35,5953.99,170.11,0.057,0.049,0,7,0.946,9,9288.22,0,VIP-loyalists,Early access and premium bundle
C-00242,Victoria,search,none,jackets,25,2,142.37,71.19,0.35,0.152,3,112,0.362,6.1,195.05,1,Lapsing-customers,Win-back offer with service recovery
C-00243,New South Wales,organic,none,recovery,25,8,607.41,75.93,0.276,0.141,1,91,0.152,6.1,832.15,0,Lapsing-customers,Win-back offer with service recovery
C-00244,Queensland,retail-store,none,hydration,19,3,185.43,61.81,0.291,0.166,5,167,0.049,6.8,242.91,1,Lapsing-customers,Win-back offer with service recovery
C-00245,New South Wales,organic,none,recovery,9,2,168.27,84.14,0.25,0.058,1,26,0.477,7.9,203.61,0,Emerging-shoppers,Second-purchase education sequence
C-00246,Western Australia,referral,none,packs,13,3,247.93,82.64,0.334,0.119,0,19,0.673,7.3,309.91,1,Emerging-shoppers,Second-purchase education sequence
C-00247,New South Wales,referral,none,packs,13,6,364.68,60.78,0.292,0.164,3,172,0.304,4.8,455.85,0,Lapsing-customers,Win-back offer with service recovery
C-00248,Queensland,retail-store,none,recovery,16,4,310.06,77.52,0.275,0.099,1,18,0.673,7.1,396.88,0,Emerging-shoppers,Second-purchase education sequence
C-00249,Western Australia,organic,none,hydration,18,4,316.4,79.1,0.273,0.232,1,160,0.256,6,411.32,1,Lapsing-customers,Win-back offer with service recovery
C-00250,Western Australia,retail-store,silver,hydration,23,27,3564.26,132.01,0.208,0.094,2,12,0.647,8.6,4811.75,0,High-value-loyalists,Loyalty upgrade with category cross-sell
C-00251,Queensland,retail-store,gold,jackets,26,17,2470.12,145.3,0.086,0.037,1,17,0.592,7.4,3408.77,0,High-value-loyalists,Loyalty upgrade with category cross-sell
C-00252,South Australia,retail-store,none,apparel,22,10,773.88,77.39,0.242,0.128,1,29,0.656,6.1,1037,0,Frequent-regulars,Free shipping threshold reminder
C-00253,Western Australia,search,bronze,accessories,23,6,503.83,83.97,0.278,0.157,1,101,0.191,5.3,680.17,1,Lapsing-customers,Win-back offer with service recovery
C-00254,Victoria,paid-social,silver,footwear,32,12,1611.58,134.3,0.159,0.056,0,20,0.788,7.3,2320.68,0,High-value-loyalists,Loyalty upgrade with category cross-sell
C-00255,South Australia,retail-store,gold,jackets,26,28,4645.82,165.92,0.066,0.064,1,9,0.716,8.8,6411.23,0,VIP-loyalists,Early access and premium bundle
C-00256,Victoria,retail-store,silver,camp,24,14,1028.87,73.49,0.167,0.076,2,31,0.568,7.9,1399.26,0,Frequent-regulars,Free shipping threshold reminder
C-00257,South Australia,search,bronze,accessories,9,12,1004.34,83.7,0.122,0.054,2,26,0.685,7.1,1215.25,0,Frequent-regulars,Free shipping threshold reminder
C-00258,South Australia,search,silver,hydration,20,22,2948.07,134,0.123,0.069,1,19,0.756,8.7,3891.45,0,High-value-loyalists,Loyalty upgrade with category cross-sell
C-00259,South Australia,retail-store,none,jackets,36,4,310.93,77.73,0.299,0.118,2,116,0.37,6,460.18,0,Lapsing-customers,Win-back offer with service recovery
C-00260,Victoria,search,silver,recovery,18,14,1032.89,73.78,0.165,0.088,2,24,0.421,6.9,1342.76,0,Frequent-regulars,Free shipping threshold reminder
C-00261,Queensland,referral,none,camp,31,5,409.33,81.87,0.187,0.155,2,105,0.236,4.4,585.34,0,Lapsing-customers,Win-back offer with service recovery
C-00262,Western Australia,organic,none,jackets,24,16,1376.3,86.02,0.036,0.05,2,31,0.713,7.2,1871.77,0,Frequent-regulars,Free shipping threshold reminder
C-00263,Western Australia,search,silver,camp,25,20,2560.61,128.03,0.068,0.037,0,19,0.735,7.6,3508.04,0,High-value-loyalists,Loyalty upgrade with category cross-sell
C-00264,Tasmania,paid-social,none,packs,20,7,519.5,74.21,0.27,0.17,2,125,0.02,5.7,685.74,0,Lapsing-customers,Win-back offer with service recovery
C-00265,Victoria,retail-store,none,packs,6,6,464.87,77.48,0.199,0.109,0,23,0.592,9.2,548.55,0,Emerging-shoppers,Second-purchase education sequence
C-00266,Victoria,referral,none,hydration,29,6,446.85,74.47,0.365,0.154,4,161,0.37,4.1,630.06,1,Lapsing-customers,Win-back offer with service recovery
C-00267,Tasmania,referral,gold,jackets,36,29,4976.99,171.62,0.054,0.061,1,9,0.715,9.5,7365.95,1,VIP-loyalists,Early access and premium bundle
C-00268,South Australia,referral,none,packs,27,5,402.68,80.54,0.354,0.146,5,125,0.088,6.7,559.73,1,Lapsing-customers,Win-back offer with service recovery
C-00269,Victoria,search,gold,accessories,32,17,2056.11,120.95,0.155,0.11,1,17,0.693,9.7,2960.8,0,High-value-loyalists,Loyalty upgrade with category cross-sell
C-00270,Queensland,paid-social,none,camp,19,4,283.81,70.95,0.335,0.106,1,20,0.652,6.8,371.79,0,Emerging-shoppers,Second-purchase education sequence
C-00271,New South Wales,organic,none,hydration,29,5,389.26,77.85,0.285,0.153,3,98,0.244,4.5,548.86,0,Lapsing-customers,Win-back offer with service recovery
C-00272,South Australia,paid-social,none,packs,38,9,743.72,82.64,0.262,0.219,2,117,0.178,5.6,1115.58,1,Lapsing-customers,Win-back offer with service recovery
C-00273,Queensland,paid-social,gold,camp,41,27,4875.75,180.58,0.049,0.044,1,7,0.655,8.6,7459.9,0,VIP-loyalists,Early access and premium bundle
C-00274,South Australia,retail-store,silver,hydration,25,13,1191.58,91.66,0.133,0.068,2,32,0.513,7.8,1632.46,0,Frequent-regulars,Free shipping threshold reminder
C-00275,South Australia,paid-social,gold,recovery,36,25,4496.47,179.86,0.056,0.057,0,7,0.968,8.3,6654.78,0,VIP-loyalists,Early access and premium bundle
C-00276,South Australia,retail-store,none,jackets,16,13,1243.02,95.62,0.2,0.062,1,38,0.619,6.2,1591.07,0,Frequent-regulars,Free shipping threshold reminder
C-00277,New South Wales,organic,none,jackets,24,15,1197.23,79.82,0.173,0.107,1,28,0.505,7.6,1628.23,0,Frequent-regulars,Free shipping threshold reminder
C-00278,South Australia,retail-store,bronze,hydration,22,15,1240.79,82.72,0.203,0.127,0,28,0.632,8.3,1662.66,0,Frequent-regulars,Free shipping threshold reminder
C-00279,Queensland,paid-social,bronze,recovery,21,9,819.42,91.05,0.111,0.095,2,29,0.629,8.5,1089.83,1,Frequent-regulars,Free shipping threshold reminder
C-00280,Western Australia,paid-social,gold,hydration,26,19,2537.93,133.58,0.086,0.002,2,26,0.64,8,3502.34,0,High-value-loyalists,Loyalty upgrade with category cross-sell
C-00281,South Australia,retail-store,silver,packs,29,14,1051.06,75.08,0.206,0.025,2,26,0.667,8.4,1481.99,0,Frequent-regulars,Free shipping threshold reminder
C-00282,Victoria,organic,silver,accessories,23,19,2562.07,134.85,0.197,0.063,2,15,0.481,7.6,3458.79,0,High-value-loyalists,Loyalty upgrade with category cross-sell
C-00283,South Australia,search,silver,apparel,23,11,950.91,86.45,0.245,0.08,2,26,0.714,6.1,1283.73,0,Frequent-regulars,Free shipping threshold reminder
C-00284,Queensland,organic,silver,apparel,4,5,321.53,64.31,0.249,0.089,2,19,0.626,6.1,372.97,1,Emerging-shoppers,Second-purchase education sequence
C-00285,Victoria,retail-store,gold,packs,32,27,4369.53,161.83,0.086,0.088,2,7,0.812,9.7,6292.12,0,VIP-loyalists,Early access and premium bundle
C-00286,South Australia,paid-social,bronze,camp,10,3,196.7,65.57,0.221,0.073,2,22,0.592,7.6,239.97,0,Emerging-shoppers,Second-purchase education sequence
C-00287,South Australia,referral,bronze,footwear,8,6,417.35,69.56,0.27,0.154,1,22,0.836,8,500.82,0,Emerging-shoppers,Second-purchase education sequence
C-00288,Western Australia,retail-store,silver,footwear,32,13,1011.84,77.83,0.202,0.146,0,33,0.481,6.2,1457.05,1,Frequent-regulars,Free shipping threshold reminder
C-00289,Western Australia,search,silver,hydration,23,21,2936.64,139.84,0.113,0.078,1,17,0.749,8.8,3964.46,0,High-value-loyalists,Loyalty upgrade with category cross-sell
C-00290,Queensland,search,bronze,footwear,30,6,400.92,66.82,0.237,0.142,4,116,0.22,5.7,569.31,0,Lapsing-customers,Win-back offer with service recovery
C-00291,New South Wales,retail-store,none,apparel,21,11,904.28,82.21,0.176,0.024,1,31,0.606,8.8,1202.69,0,Frequent-regulars,Free shipping threshold reminder
C-00292,Victoria,organic,none,apparel,25,13,1176.26,90.48,0.162,0.073,0,36,0.481,6.9,1611.48,1,Frequent-regulars,Free shipping threshold reminder
C-00293,Victoria,referral,bronze,accessories,11,13,1133.71,87.21,0.247,0.055,2,30,0.463,7.8,1394.46,0,Frequent-regulars,Free shipping threshold reminder
C-00294,Victoria,paid-social,silver,packs,23,11,916.97,83.36,0.13,0.126,1,30,0.695,8.7,1237.91,0,Frequent-regulars,Free shipping threshold reminder
C-00295,Tasmania,paid-social,silver,footwear,4,5,426.88,85.38,0.141,0.108,2,19,0.767,8.1,495.18,0,Emerging-shoppers,Second-purchase education sequence
C-00296,Western Australia,search,silver,accessories,25,5,319.63,63.93,0.308,0.192,2,145,0.36,7.3,437.89,1,Lapsing-customers,Win-back offer with service recovery
C-00297,Western Australia,organic,none,jackets,35,5,347.09,69.42,0.293,0.194,3,115,0.02,5.6,510.22,1,Lapsing-customers,Win-back offer with service recovery
C-00298,Queensland,paid-social,silver,packs,19,7,549.91,78.56,0.26,0.174,1,137,0.171,6.1,720.38,1,Lapsing-customers,Win-back offer with service recovery
C-00299,Victoria,search,bronze,jackets,6,5,333.13,66.63,0.197,0.08,2,24,0.741,7.4,393.09,0,Emerging-shoppers,Second-purchase education sequence
C-00300,South Australia,retail-store,silver,jackets,33,15,2142.14,142.81,0.163,0.068,0,20,0.849,6.7,3106.1,0,High-value-loyalists,Loyalty upgrade with category cross-sell
C-00301,New South Wales,organic,silver,accessories,26,7,513.09,73.3,0.226,0.114,2,140,0.138,5.1,708.06,0,Lapsing-customers,Win-back offer with service recovery
C-00302,Queensland,search,bronze,recovery,20,10,777.28,77.73,0.185,0.106,1,25,0.543,6.8,1026.01,0,Frequent-regulars,Free shipping threshold reminder
C-00303,Victoria,paid-social,silver,hydration,25,6,482.69,80.45,0.353,0.105,5,129,0.201,5.9,661.29,1,Lapsing-customers,Win-back offer with service recovery
C-00304,Western Australia,retail-store,gold,camp,11,24,3349.51,139.56,0.148,0.106,2,16,0.497,8.8,4119.9,0,High-value-loyalists,Loyalty upgrade with category cross-sell
C-00305,New South Wales,paid-social,silver,accessories,51,31,5178.71,167.06,0,0.093,0,10,0.829,8.2,8441.3,0,VIP-loyalists,Early access and premium bundle
C-00306,Tasmania,referral,silver,accessories,10,9,780.21,86.69,0.159,0.095,4,39,0.447,7.9,951.86,0,Frequent-regulars,Free shipping threshold reminder
C-00307,New South Wales,retail-store,silver,jackets,16,8,573.09,71.64,0.247,0.12,3,107,0.248,6.6,733.56,1,Lapsing-customers,Win-back offer with service recovery
C-00308,Western Australia,paid-social,silver,apparel,17,4,234.38,58.59,0.283,0.246,2,137,0.296,7,302.35,1,Lapsing-customers,Win-back offer with service recovery
C-00309,Queensland,retail-store,none,apparel,4,4,283.53,70.88,0.238,0.11,1,19,0.522,8.2,328.89,0,Emerging-shoppers,Second-purchase education sequence
C-00310,Tasmania,paid-social,bronze,jackets,14,12,1182.22,98.52,0.196,0.057,2,36,0.745,7.5,1489.6,0,Frequent-regulars,Free shipping threshold reminder
C-00311,New South Wales,search,none,jackets,30,9,796.78,88.53,0.155,0.101,1,34,0.497,7.6,1131.43,1,Frequent-regulars,Free shipping threshold reminder
C-00312,Tasmania,organic,gold,hydration,29,11,1580.09,143.64,0.193,0.007,2,19,0.693,7.8,2227.93,0,High-value-loyalists,Loyalty upgrade with category cross-sell
C-00313,South Australia,retail-store,none,footwear,5,1,60.89,60.89,0.152,0.109,0,19,0.627,6.7,71.24,0,Emerging-shoppers,Second-purchase education sequence
C-00314,Tasmania,search,none,accessories,7,5,360.74,72.15,0.16,0.103,0,27,0.546,7.1,429.28,0,Emerging-shoppers,Second-purchase education sequence
C-00315,South Australia,paid-social,silver,camp,16,19,2436.75,128.25,0.098,0.064,1,15,0.805,8.7,3119.04,0,High-value-loyalists,Loyalty upgrade with category cross-sell
C-00316,Queensland,organic,none,accessories,19,8,681.75,85.22,0.282,0.163,2,128,0.328,6.3,893.09,0,Lapsing-customers,Win-back offer with service recovery
C-00317,Tasmania,organic,bronze,accessories,19,13,1015.91,78.15,0.245,0.116,2,28,0.722,8,1330.84,0,Frequent-regulars,Free shipping threshold reminder
C-00318,Victoria,search,none,camp,5,3,182.56,60.85,0.253,0.049,1,21,0.528,7.9,213.6,0,Emerging-shoppers,Second-purchase education sequence
C-00319,Queensland,retail-store,none,jackets,24,9,591.36,65.71,0.242,0.137,2,132,0.116,6,804.25,0,Lapsing-customers,Win-back offer with service recovery
C-00320,Western Australia,organic,silver,recovery,26,23,2839.54,123.46,0.144,0.067,1,14,0.763,7,3918.57,0,High-value-loyalists,Loyalty upgrade with category cross-sell
C-00321,Western Australia,organic,bronze,accessories,16,15,1271.02,84.73,0.109,0.076,3,34,0.448,7.8,1626.91,1,Frequent-regulars,Free shipping threshold reminder
C-00322,Tasmania,search,silver,footwear,20,9,624.18,69.35,0.266,0.188,3,109,0.02,7.1,823.92,0,Lapsing-customers,Win-back offer with service recovery
C-00323,Queensland,search,none,accessories,27,4,307.91,76.98,0.373,0.127,2,131,0.079,5.8,427.99,1,Lapsing-customers,Win-back offer with service recovery
C-00324,New South Wales,paid-social,bronze,jackets,17,8,603.06,75.38,0.286,0.127,2,179,0.144,6.1,777.95,1,Lapsing-customers,Win-back offer with service recovery
C-00325,Tasmania,search,gold,packs,33,16,2082.14,130.13,0.147,0,2,19,0.675,8,3019.1,0,High-value-loyalists,Loyalty upgrade with category cross-sell
C-00326,Tasmania,search,silver,apparel,19,4,258.28,64.57,0.38,0.173,2,132,0.13,5.4,338.35,1,Lapsing-customers,Win-back offer with service recovery
C-00327,South Australia,referral,none,jackets,18,6,403.36,67.23,0.306,0.103,4,157,0.135,5.7,524.37,1,Lapsing-customers,Win-back offer with service recovery
C-00328,Queensland,retail-store,none,camp,23,9,764.95,84.99,0.206,0.066,1,34,0.506,7,1032.68,0,Frequent-regulars,Free shipping threshold reminder
C-00329,Western Australia,search,gold,recovery,35,35,5616.88,160.48,0.01,0.102,1,12,0.823,9.8,8256.81,1,VIP-loyalists,Early access and premium bundle
C-00330,Queensland,retail-store,none,recovery,10,4,275.75,68.94,0.208,0.116,1,18,0.493,8.8,336.42,0,Emerging-shoppers,Second-purchase education sequence
C-00331,Queensland,search,silver,camp,21,14,1190.96,85.07,0.238,0.111,0,30,0.468,7.9,1583.98,0,Frequent-regulars,Free shipping threshold reminder
C-00332,New South Wales,referral,none,packs,23,9,814.28,90.48,0.204,0.113,0,34,0.447,7.3,1099.28,0,Frequent-regulars,Free shipping threshold reminder
C-00333,Victoria,paid-social,none,footwear,26,6,475.06,79.18,0.294,0.143,2,126,0.137,5.4,655.58,1,Lapsing-customers,Win-back offer with service recovery
C-00334,New South Wales,paid-social,none,accessories,20,3,208.71,69.57,0.21,0.06,0,16,0.836,7.5,275.5,0,Emerging-shoppers,Second-purchase education sequence
C-00335,Tasmania,paid-social,none,accessories,22,6,460.06,76.68,0.359,0.17,3,167,0.348,7.2,616.48,0,Lapsing-customers,Win-back offer with service recovery
C-00336,Western Australia,retail-store,silver,accessories,31,22,3118.88,141.77,0.139,0.08,1,10,0.58,9.6,4460,1,High-value-loyalists,Loyalty upgrade with category cross-sell
C-00337,Tasmania,search,bronze,accessories,28,13,1079.67,83.05,0.161,0.052,0,22,0.582,7,1511.54,0,Frequent-regulars,Free shipping threshold reminder
C-00338,Queensland,retail-store,none,hydration,21,8,521.73,65.22,0.358,0.179,1,163,0.37,6.1,693.9,1,Lapsing-customers,Win-back offer with service recovery
C-00339,New South Wales,paid-social,silver,accessories,28,7,488.59,69.8,0.416,0.111,3,111,0.254,6.3,684.03,0,Lapsing-customers,Win-back offer with service recovery
C-00340,New South Wales,paid-social,silver,jackets,30,16,2129.33,133.08,0.027,0.067,0,21,0.645,8,3023.65,0,High-value-loyalists,Loyalty upgrade with category cross-sell
C-00341,New South Wales,search,bronze,accessories,7,2,121.59,60.8,0.285,0.109,0,21,0.54,8.9,144.69,0,Emerging-shoppers,Second-purchase education sequence
C-00342,Queensland,referral,silver,recovery,22,14,1203.35,85.95,0.283,0.086,0,32,0.629,6.7,1612.49,0,Frequent-regulars,Free shipping threshold reminder
C-00343,New South Wales,search,none,accessories,4,3,195.12,65.04,0.133,0.093,0,20,0.736,7.4,226.34,0,Emerging-shoppers,Second-purchase education sequence
C-00344,Queensland,search,silver,camp,39,19,2511.54,132.19,0.109,0.117,1,25,0.671,9.6,3792.43,0,High-value-loyalists,Loyalty upgrade with category cross-sell
C-00345,Queensland,paid-social,silver,apparel,29,9,764,84.89,0.148,0.04,0,24,0.774,8.3,1077.24,0,Frequent-regulars,Free shipping threshold reminder
C-00346,Queensland,referral,silver,recovery,27,16,1983.19,123.95,0.133,0.029,3,25,0.713,7.4,2756.63,0,High-value-loyalists,Loyalty upgrade with category cross-sell
C-00347,Tasmania,referral,none,accessories,3,2,155.04,77.52,0.29,0.063,1,22,0.709,9.1,178.3,0,Emerging-shoppers,Second-purchase education sequence
C-00348,Victoria,organic,silver,jackets,29,16,1351.86,84.49,0.155,0.052,2,37,0.558,8,1906.12,0,Frequent-regulars,Free shipping threshold reminder
C-00349,Tasmania,retail-store,none,accessories,26,5,343.46,68.69,0.333,0.193,2,182,0.237,6.3,473.97,1,Lapsing-customers,Win-back offer with service recovery
C-00350,Tasmania,organic,silver,camp,2,3,213.34,71.11,0.193,0.036,2,18,0.666,7.2,243.21,0,Emerging-shoppers,Second-purchase education sequence
C-00351,Western Australia,retail-store,none,recovery,7,2,158.99,79.5,0.14,0.085,2,15,0.638,7.7,189.2,1,Emerging-shoppers,Second-purchase education sequence
C-00352,New South Wales,referral,silver,footwear,27,12,1022.25,85.19,0.29,0.136,0,21,0.47,7.9,1420.93,0,Frequent-regulars,Free shipping threshold reminder
C-00353,Tasmania,retail-store,none,jackets,2,4,322.15,80.54,0.21,0.091,1,15,0.604,7.3,367.25,0,Emerging-shoppers,Second-purchase education sequence
C-00354,Queensland,referral,none,jackets,20,5,352.14,70.43,0.294,0.21,2,132,0.27,5.9,464.82,1,Lapsing-customers,Win-back offer with service recovery
C-00355,Western Australia,retail-store,silver,recovery,29,10,806.89,80.69,0.082,0.096,1,20,0.624,7.9,1137.71,1,Frequent-regulars,Free shipping threshold reminder
C-00356,Western Australia,referral,gold,camp,43,29,5211.74,179.72,0.141,0.038,0,2,0.972,9,8078.2,0,VIP-loyalists,Early access and premium bundle
C-00357,New South Wales,search,bronze,camp,14,12,1032.09,86.01,0.119,0.071,1,28,0.639,6.6,1300.43,0,Frequent-regulars,Free shipping threshold reminder
C-00358,Queensland,search,none,recovery,26,11,958.19,87.11,0.225,0.055,2,42,0.489,8.7,1322.3,0,Frequent-regulars,Free shipping threshold reminder
C-00359,Tasmania,paid-social,gold,jackets,30,24,3097.05,129.04,0.176,0.055,0,12,0.777,9.1,4397.81,0,High-value-loyalists,Loyalty upgrade with category cross-sell
C-00360,South Australia,search,bronze,footwear,16,6,398.15,66.36,0.43,0.144,3,107,0.187,5.1,509.63,1,Lapsing-customers,Win-back offer with service recovery
C-00361,New South Wales,referral,none,footwear,17,2,111.09,55.55,0.242,0.114,1,21,0.632,8.8,143.31,0,Emerging-shoppers,Second-purchase education sequence
C-00362,South Australia,retail-store,none,hydration,14,8,627.4,78.43,0.232,0.072,0,26,0.705,7.4,790.52,0,Frequent-regulars,Free shipping threshold reminder
C-00363,Victoria,referral,silver,hydration,28,28,4706.32,168.08,0,0.013,0,8,0.731,8.5,6588.85,0,VIP-loyalists,Early access and premium bundle
C-00364,Western Australia,organic,bronze,apparel,29,6,479.69,79.95,0.378,0.175,3,175,0.129,6.9,676.36,1,Lapsing-customers,Win-back offer with service recovery
C-00365,Queensland,search,silver,packs,2,6,493.6,82.27,0.29,0.033,0,21,0.72,8.9,562.7,0,Emerging-shoppers,Second-purchase education sequence
C-00366,Victoria,search,bronze,camp,20,15,1204.09,80.27,0.106,0.042,3,31,0.491,6.1,1589.4,0,Frequent-regulars,Free shipping threshold reminder
C-00367,Tasmania,referral,none,camp,30,18,1548.02,86,0.165,0.123,1,28,0.682,8.3,2198.19,0,Frequent-regulars,Free shipping threshold reminder
C-00368,New South Wales,referral,none,footwear,25,5,328.86,65.77,0.243,0.174,3,138,0.236,5,450.54,1,Lapsing-customers,Win-back offer with service recovery
C-00369,Victoria,paid-social,none,footwear,5,4,256.08,64.02,0.29,0.11,2,35,0.667,8.1,299.61,1,Emerging-shoppers,Second-purchase education sequence
C-00370,New South Wales,paid-social,silver,accessories,28,19,2241.72,117.99,0.133,0.048,1,23,0.703,7.9,3138.41,1,High-value-loyalists,Loyalty upgrade with category cross-sell
C-00371,Western Australia,retail-store,silver,jackets,21,5,349.53,69.91,0.277,0.149,2,142,0.101,6.5,464.87,0,Lapsing-customers,Win-back offer with service recovery
C-00372,Western Australia,paid-social,silver,recovery,18,12,968.84,80.74,0.126,0.137,0,36,0.411,6,1259.49,0,Frequent-regulars,Free shipping threshold reminder
C-00373,Tasmania,organic,none,packs,29,7,439.15,62.74,0.23,0.225,1,119,0.138,4.6,619.2,1,Lapsing-customers,Win-back offer with service recovery
C-00374,Western Australia,retail-store,bronze,apparel,20,6,423.88,70.65,0.468,0.237,3,107,0.028,5.8,559.52,1,Lapsing-customers,Win-back offer with service recovery
C-00375,Western Australia,retail-store,bronze,footwear,26,13,1040.49,80.04,0.179,0.106,1,35,0.598,7.5,1435.88,0,Frequent-regulars,Free shipping threshold reminder
C-00376,Western Australia,referral,silver,jackets,26,8,608.95,76.12,0.336,0.181,2,174,0.311,6.1,840.35,1,Lapsing-customers,Win-back offer with service recovery
C-00377,New South Wales,paid-social,silver,hydration,6,6,408.41,68.07,0.368,0.054,2,23,0.525,7.8,481.92,1,Emerging-shoppers,Second-purchase education sequence
C-00378,Victoria,paid-social,gold,recovery,28,28,4714.05,168.36,0.024,0.031,0,4,0.765,8.7,6599.67,0,VIP-loyalists,Early access and premium bundle
C-00379,Western Australia,retail-store,silver,jackets,24,7,582.39,83.2,0.278,0.119,4,50,0.244,4.3,792.05,1,Lapsing-customers,Win-back offer with service recovery
C-00380,New South Wales,referral,gold,camp,40,30,4857.04,161.9,0.067,0.026,1,11,0.873,8.9,7382.7,0,VIP-loyalists,Early access and premium bundle
C-00381,Queensland,paid-social,bronze,apparel,22,10,891.33,89.13,0.215,0.116,0,28,0.78,8.3,1194.38,0,Frequent-regulars,Free shipping threshold reminder
C-00382,Tasmania,organic,none,jackets,10,5,361.33,72.27,0.26,0.077,2,21,0.556,9.4,440.82,1,Emerging-shoppers,Second-purchase education sequence
C-00383,South Australia,paid-social,silver,packs,28,14,1155.55,82.54,0.112,0.135,1,32,0.548,8.1,1617.77,0,Frequent-regulars,Free shipping threshold reminder
C-00384,Queensland,retail-store,bronze,camp,26,7,528.99,75.57,0.303,0.203,3,119,0.133,5.9,730.01,1,Lapsing-customers,Win-back offer with service recovery
C-00385,Western Australia,paid-social,silver,packs,23,17,2348.05,138.12,0.027,0.007,3,28,0.64,9,3169.87,0,High-value-loyalists,Loyalty upgrade with category cross-sell
C-00386,Western Australia,search,silver,hydration,28,13,1742.05,134,0.041,0.069,1,24,0.726,9.3,2438.87,0,High-value-loyalists,Loyalty upgrade with category cross-sell
C-00387,Western Australia,paid-social,silver,hydration,19,16,2276.6,142.29,0.13,0.051,0,22,0.623,8.9,2982.35,0,High-value-loyalists,Loyalty upgrade with category cross-sell
C-00388,Tasmania,retail-store,bronze,camp,21,14,1249.25,89.23,0.19,0.082,2,22,0.489,7.4,1661.5,0,Frequent-regulars,Free shipping threshold reminder
C-00389,Tasmania,search,none,hydration,31,9,669.91,74.43,0.346,0.161,2,117,0.287,4.1,957.97,1,Lapsing-customers,Win-back offer with service recovery
C-00390,Tasmania,referral,none,jackets,3,15,1208.94,80.6,0.196,0.048,0,40,0.63,8.2,1390.28,0,Frequent-regulars,Free shipping threshold reminder
C-00391,Queensland,retail-store,bronze,apparel,25,14,1240.55,88.61,0.175,0.094,2,36,0.69,7.4,1699.55,0,Frequent-regulars,Free shipping threshold reminder
C-00392,Tasmania,organic,silver,apparel,31,20,2479.1,123.95,0.03,0.068,2,16,0.762,8,3545.11,0,High-value-loyalists,Loyalty upgrade with category cross-sell
C-00393,New South Wales,referral,none,packs,23,5,367.89,73.58,0.346,0.197,1,117,0.166,6.1,496.65,1,Lapsing-customers,Win-back offer with service recovery
C-00394,Western Australia,search,silver,footwear,21,4,258.22,64.56,0.376,0.133,4,124,0.215,6.2,343.43,1,Lapsing-customers,Win-back offer with service recovery
C-00395,New South Wales,search,silver,recovery,29,6,459.35,76.56,0.263,0.132,3,139,0.199,5.3,647.68,1,Lapsing-customers,Win-back offer with service recovery
C-00396,Tasmania,referral,none,footwear,15,15,1223.43,81.56,0.271,0.027,0,27,0.734,6.8,1553.76,0,Frequent-regulars,Free shipping threshold reminder
C-00397,South Australia,organic,none,footwear,8,1,45.15,45.15,0.294,0.108,1,23,0.756,6.3,54.18,0,Emerging-shoppers,Second-purchase education sequence
C-00398,Western Australia,search,silver,hydration,35,6,505.35,84.23,0.344,0.127,6,109,0.067,7.5,742.86,1,Lapsing-customers,Win-back offer with service recovery
C-00399,New South Wales,referral,silver,packs,16,5,418.67,83.73,0.396,0.181,3,130,0.134,5.1,535.9,1,Lapsing-customers,Win-back offer with service recovery
C-00400,Western Australia,retail-store,silver,packs,3,3,181.3,60.43,0.233,0.06,2,12,0.697,7.6,208.5,0,Emerging-shoppers,Second-purchase education sequence
C-00401,South Australia,search,none,footwear,32,10,861.25,86.12,0.285,0.044,0,38,0.673,7.4,1240.2,0,Frequent-regulars,Free shipping threshold reminder
C-00402,South Australia,referral,silver,footwear,2,6,467.75,77.96,0.262,0.081,2,13,0.484,8.4,533.24,1,Emerging-shoppers,Second-purchase education sequence
C-00403,Victoria,referral,silver,accessories,27,21,3485.01,165.95,0.066,0,1,11,0.891,10,4844.16,0,VIP-loyalists,Early access and premium bundle
C-00404,Queensland,paid-social,none,camp,28,12,926.13,77.18,0.235,0.032,1,28,0.483,7.8,1296.58,0,Frequent-regulars,Free shipping threshold reminder
C-00405,Western Australia,search,bronze,camp,29,17,1412.4,83.08,0.144,0.028,1,31,0.799,6.4,1991.48,0,Frequent-regulars,Free shipping threshold reminder
C-00406,New South Wales,retail-store,none,hydration,2,4,255.41,63.85,0.336,0.019,0,19,0.705,6.8,291.17,1,Emerging-shoppers,Second-purchase education sequence
C-00407,Western Australia,search,silver,footwear,17,25,3385.02,135.4,0.043,0.028,2,18,0.646,8.9,4366.68,0,High-value-loyalists,Loyalty upgrade with category cross-sell
C-00408,Queensland,paid-social,none,packs,17,14,1131.78,80.84,0.108,0.109,0,28,0.518,8.6,1460,0,Frequent-regulars,Free shipping threshold reminder
C-00409,Western Australia,referral,bronze,packs,25,12,1077.55,89.8,0.159,0.089,4,27,0.805,8.3,1476.24,0,Frequent-regulars,Free shipping threshold reminder
C-00410,South Australia,organic,silver,recovery,21,17,2242.88,131.93,0.07,0.06,1,13,0.708,8.2,2983.03,0,High-value-loyalists,Loyalty upgrade with category cross-sell
C-00411,Victoria,paid-social,none,footwear,29,14,1321.46,94.39,0.186,0.121,2,37,0.545,8.1,1863.26,1,Frequent-regulars,Free shipping threshold reminder
C-00412,New South Wales,search,none,camp,2,5,334.65,66.93,0.256,0.121,1,22,0.616,7.6,381.5,0,Emerging-shoppers,Second-purchase education sequence
C-00413,Western Australia,referral,none,accessories,27,5,426.34,85.27,0.31,0.154,1,190,0.381,6.1,592.61,1,Lapsing-customers,Win-back offer with service recovery
C-00414,South Australia,retail-store,gold,apparel,32,32,5023.25,156.98,0.045,0.048,0,1,0.924,9.8,7233.48,0,VIP-loyalists,Early access and premium bundle
C-00415,Victoria,referral,silver,recovery,34,18,2513.79,139.66,0.063,0.029,0,22,0.631,8.6,3670.13,0,High-value-loyalists,Loyalty upgrade with category cross-sell
C-00416,New South Wales,search,silver,apparel,29,7,486.91,69.56,0.303,0.177,2,151,0.212,4.5,686.54,0,Lapsing-customers,Win-back offer with service recovery
C-00417,New South Wales,search,none,footwear,18,5,374.2,74.84,0.228,0.104,2,21,0.662,8.4,486.46,0,Emerging-shoppers,Second-purchase education sequence
C-00418,Queensland,referral,silver,apparel,39,9,1202.06,133.56,0.15,0.027,2,21,0.772,8.4,1815.11,0,High-value-loyalists,Loyalty upgrade with category cross-sell
C-00419,New South Wales,paid-social,silver,recovery,23,20,2553.24,127.66,0.154,0.034,0,24,0.545,8.4,3446.87,0,High-value-loyalists,Loyalty upgrade with category cross-sell
C-00420,New South Wales,organic,none,recovery,23,11,1006.56,91.51,0.245,0.037,1,37,0.607,7.5,1358.86,0,Frequent-regulars,Free shipping threshold reminder
C-00421,Western Australia,search,none,packs,20,6,425.7,70.95,0.372,0.141,4,120,0.204,5.9,561.92,1,Lapsing-customers,Win-back offer with service recovery
C-00422,New South Wales,paid-social,none,apparel,17,9,731.56,81.28,0.124,0.094,2,29,0.431,6.7,943.71,0,Frequent-regulars,Free shipping threshold reminder
C-00423,Western Australia,referral,bronze,recovery,2,4,249.38,62.34,0.28,0.036,1,26,0.694,8.7,284.29,1,Emerging-shoppers,Second-purchase education sequence
C-00424,Victoria,retail-store,gold,apparel,38,36,5997.02,166.58,0.154,0.026,0,10,0.836,9.8,8995.53,0,VIP-loyalists,Early access and premium bundle
C-00425,Victoria,paid-social,none,accessories,24,13,1187.34,91.33,0.211,0.086,1,40,0.535,8.4,1614.78,1,Frequent-regulars,Free shipping threshold reminder
C-00426,New South Wales,organic,silver,jackets,12,5,393.1,78.62,0.244,0.048,0,16,0.666,7.9,487.44,0,Emerging-shoppers,Second-purchase education sequence
C-00427,Queensland,organic,bronze,camp,20,8,662.98,82.87,0.237,0.203,2,133,0.17,6.2,875.13,1,Lapsing-customers,Win-back offer with service recovery
C-00428,Queensland,search,silver,packs,35,22,3850.69,175.03,0.115,0,0,15,0.769,9.1,5660.51,0,VIP-loyalists,Early access and premium bundle
C-00429,South Australia,referral,none,jackets,18,6,500.54,83.42,0.348,0.142,1,127,0.196,4.7,650.7,0,Lapsing-customers,Win-back offer with service recovery
C-00430,Queensland,paid-social,none,apparel,25,7,586.35,83.76,0.323,0.161,3,116,0.26,5.9,803.3,1,Lapsing-customers,Win-back offer with service recovery
C-00431,New South Wales,organic,silver,hydration,23,11,1016.01,92.36,0.096,0.055,0,26,0.727,7.4,1371.61,0,Frequent-regulars,Free shipping threshold reminder
C-00432,New South Wales,referral,silver,jackets,31,26,4241.26,163.13,0.083,0.019,0,10,0.932,8.8,6065,0,VIP-loyalists,Early access and premium bundle
C-00433,South Australia,organic,gold,accessories,34,23,3606.26,156.79,0.07,0.031,0,6,0.896,9.6,5265.14,0,VIP-loyalists,Early access and premium bundle
C-00434,Queensland,search,none,accessories,21,14,1121.08,80.08,0.176,0.074,2,39,0.496,8.5,1491.04,1,Frequent-regulars,Free shipping threshold reminder
C-00435,Western Australia,referral,none,jackets,18,8,526.71,65.84,0.257,0.147,3,109,0.152,6.5,684.72,0,Lapsing-customers,Win-back offer with service recovery
C-00436,Western Australia,referral,none,packs,2,2,135.81,67.91,0.154,0.062,1,23,0.475,8,154.82,0,Emerging-shoppers,Second-purchase education sequence
C-00437,Tasmania,referral,silver,jackets,8,4,267.86,66.97,0.379,0.15,3,91,0.134,6.1,321.43,1,Lapsing-customers,Win-back offer with service recovery
C-00438,Tasmania,retail-store,bronze,apparel,5,3,235.27,78.42,0.26,0.075,1,22,0.559,7.1,275.27,1,Emerging-shoppers,Second-purchase education sequence
C-00439,Victoria,organic,silver,packs,4,4,313.84,78.46,0.325,0.07,0,20,0.454,7.9,364.05,0,Emerging-shoppers,Second-purchase education sequence
C-00440,Queensland,paid-social,bronze,accessories,20,4,310.98,77.75,0.252,0.168,4,153,0.176,6.1,410.49,0,Lapsing-customers,Win-back offer with service recovery
C-00441,Queensland,organic,none,packs,8,1,80.85,80.85,0.225,0.072,1,15,0.608,7.9,97.02,0,Emerging-shoppers,Second-purchase education sequence
C-00442,Tasmania,organic,silver,camp,26,15,2067.38,137.83,0.149,0.07,0,15,0.579,8.9,2852.98,1,High-value-loyalists,Loyalty upgrade with category cross-sell
C-00443,Tasmania,organic,bronze,apparel,16,14,1197.83,85.56,0.234,0.103,2,39,0.606,6.5,1533.22,0,Frequent-regulars,Free shipping threshold reminder
C-00444,Queensland,retail-store,silver,jackets,19,11,928.52,84.41,0.09,0.06,2,42,0.605,7.5,1216.36,0,Frequent-regulars,Free shipping threshold reminder
C-00445,Victoria,referral,bronze,apparel,10,14,1085.53,77.54,0.174,0.123,0,29,0.664,8.3,1324.35,0,Frequent-regulars,Free shipping threshold reminder
C-00446,New South Wales,referral,none,jackets,28,11,873.13,79.38,0.187,0.094,1,35,0.458,7.8,1222.38,0,Frequent-regulars,Free shipping threshold reminder
C-00447,Western Australia,retail-store,bronze,packs,2,6,378.99,63.16,0.21,0.137,0,17,0.676,7.3,432.05,0,Emerging-shoppers,Second-purchase education sequence
C-00448,Western Australia,paid-social,gold,apparel,29,12,1510.1,125.84,0.104,0.069,0,18,0.558,7.8,2129.24,0,High-value-loyalists,Loyalty upgrade with category cross-sell
C-00449,Western Australia,search,bronze,camp,11,7,578.44,82.63,0.161,0.124,2,35,0.682,8.3,711.48,0,Frequent-regulars,Free shipping threshold reminder
C-00450,New South Wales,search,none,hydration,21,5,373.79,74.76,0.358,0.139,0,118,0.283,6,497.14,1,Lapsing-customers,Win-back offer with service recovery
C-00451,Victoria,organic,none,recovery,9,5,341.73,68.35,0.184,0.08,1,26,0.548,7.1,413.49,0,Emerging-shoppers,Second-purchase education sequence
C-00452,Tasmania,organic,silver,packs,2,2,177.47,88.73,0.172,0.017,0,20,0.694,8.3,202.32,0,Emerging-shoppers,Second-purchase education sequence
C-00453,New South Wales,paid-social,gold,accessories,28,21,2575.33,122.63,0.229,0.095,2,20,0.438,8.6,3605.46,0,High-value-loyalists,Loyalty upgrade with category cross-sell
C-00454,Queensland,search,bronze,apparel,3,3,231.88,77.29,0.239,0.094,0,22,0.702,8,266.66,0,Emerging-shoppers,Second-purchase education sequence
C-00455,Western Australia,organic,none,camp,15,7,543.43,77.63,0.227,0.191,2,117,0.02,6.2,690.16,1,Lapsing-customers,Win-back offer with service recovery
C-00456,Western Australia,referral,none,apparel,34,6,466.32,77.72,0.325,0.163,2,71,0.253,5.7,680.83,1,Lapsing-customers,Win-back offer with service recovery
C-00457,New South Wales,referral,silver,camp,2,1,55.14,55.14,0.249,0.063,0,22,0.552,6.2,62.86,0,Emerging-shoppers,Second-purchase education sequence
C-00458,Western Australia,search,bronze,hydration,18,12,1158.07,96.51,0.065,0.086,0,37,0.76,7.8,1505.49,0,Frequent-regulars,Free shipping threshold reminder
C-00459,South Australia,search,none,jackets,20,5,392.42,78.48,0.325,0.175,3,126,0.099,4.8,517.99,1,Lapsing-customers,Win-back offer with service recovery
C-00460,New South Wales,search,none,accessories,16,19,1630.65,85.82,0.148,0.046,1,35,0.551,7.2,2087.23,1,Frequent-regulars,Free shipping threshold reminder
C-00461,South Australia,paid-social,silver,accessories,2,5,413.76,82.75,0.249,0.07,0,25,0.49,7.2,471.69,0,Emerging-shoppers,Second-purchase education sequence
C-00462,Victoria,organic,none,jackets,24,14,1156.25,82.59,0.185,0.103,1,24,0.543,7,1572.5,0,Frequent-regulars,Free shipping threshold reminder
C-00463,Victoria,referral,none,footwear,18,13,1159.47,89.19,0.103,0.087,1,33,0.516,8.1,1507.31,0,Frequent-regulars,Free shipping threshold reminder
C-00464,Western Australia,paid-social,none,accessories,21,13,1201.95,92.46,0.221,0.114,1,29,0.686,8.9,1598.59,0,Frequent-regulars,Free shipping threshold reminder
C-00465,Queensland,paid-social,gold,footwear,33,21,3475.52,165.5,0.096,0.017,1,9,0.706,10,5039.5,0,VIP-loyalists,Early access and premium bundle
C-00466,Queensland,retail-store,silver,recovery,36,21,2768.1,131.81,0.163,0.089,0,15,0.606,8.8,4096.79,0,High-value-loyalists,Loyalty upgrade with category cross-sell
C-00467,Tasmania,referral,gold,camp,18,13,1748,134.46,0.199,0.055,3,18,0.786,7.1,2272.4,0,High-value-loyalists,Loyalty upgrade with category cross-sell
C-00468,South Australia,retail-store,bronze,jackets,26,12,1069.48,89.12,0.211,0.084,0,35,0.471,7.3,1475.88,0,Frequent-regulars,Free shipping threshold reminder
C-00469,New South Wales,referral,none,accessories,29,7,530.38,75.77,0.377,0.198,4,151,0.187,5.4,747.84,1,Lapsing-customers,Win-back offer with service recovery
C-00470,Western Australia,search,silver,packs,29,11,962.33,87.48,0.151,0.084,2,33,0.604,9.1,1356.89,0,Frequent-regulars,Free shipping threshold reminder
C-00471,New South Wales,search,none,accessories,17,8,683.11,85.39,0.098,0.048,0,39,0.572,8.9,881.21,0,Frequent-regulars,Free shipping threshold reminder
C-00472,South Australia,search,none,jackets,17,7,487.73,69.68,0.296,0.162,3,109,0.024,6.1,629.17,1,Lapsing-customers,Win-back offer with service recovery
C-00473,New South Wales,organic,silver,accessories,27,13,1712,131.69,0.148,0.078,1,12,0.781,6.8,2379.68,0,High-value-loyalists,Loyalty upgrade with category cross-sell
C-00474,Tasmania,retail-store,silver,jackets,18,17,1476.07,86.83,0.267,0.104,1,26,0.477,7.3,1918.89,0,Frequent-regulars,Free shipping threshold reminder
C-00475,Victoria,retail-store,none,jackets,8,7,599.31,85.62,0.227,0.05,2,21,0.575,7.2,719.17,0,Emerging-shoppers,Second-purchase education sequence
C-00476,Tasmania,search,silver,recovery,30,7,556.44,79.49,0.376,0.141,5,85,0.051,6.8,790.14,1,Lapsing-customers,Win-back offer with service recovery
C-00477,South Australia,referral,gold,hydration,27,21,2852.19,135.82,0.086,0.115,0,23,0.729,7.2,3964.54,0,High-value-loyalists,Loyalty upgrade with category cross-sell
C-00478,Victoria,paid-social,bronze,apparel,16,8,628.03,78.5,0.298,0.234,3,169,0.069,6.7,803.88,0,Lapsing-customers,Win-back offer with service recovery
C-00479,Tasmania,referral,silver,jackets,28,22,2910.14,132.28,0.144,0.085,1,21,0.64,7.5,4074.2,0,High-value-loyalists,Loyalty upgrade with category cross-sell
C-00480,Western Australia,paid-social,silver,accessories,8,2,160.48,80.24,0.211,0.081,0,12,0.73,8.3,192.58,0,Emerging-shoppers,Second-purchase education sequence
C-00481,Victoria,retail-store,none,jackets,8,12,978.67,81.56,0.182,0.085,0,31,0.52,7.9,1174.4,0,Frequent-regulars,Free shipping threshold reminder
C-00482,Western Australia,search,none,hydration,19,8,674.82,84.35,0.255,0.155,3,132,0.178,3.8,884.01,0,Lapsing-customers,Win-back offer with service recovery
C-00483,Western Australia,paid-social,none,footwear,22,12,1119.31,93.28,0.14,0.084,2,32,0.553,7.8,1499.88,0,Frequent-regulars,Free shipping threshold reminder
C-00484,Queensland,paid-social,silver,footwear,29,18,2342.22,130.12,0.12,0.123,1,22,0.631,8.1,3302.53,0,High-value-loyalists,Loyalty upgrade with category cross-sell
C-00485,Victoria,referral,none,packs,23,10,854.77,85.48,0.408,0.184,3,122,0.186,6.2,1153.94,0,Lapsing-customers,Win-back offer with service recovery
C-00486,New South Wales,referral,silver,jackets,12,16,1393.84,87.12,0.149,0.066,2,29,0.453,6.1,1728.36,0,Frequent-regulars,Free shipping threshold reminder
C-00487,New South Wales,search,bronze,apparel,13,3,263.3,87.77,0.22,0.08,1,18,0.578,8.5,329.13,0,Emerging-shoppers,Second-purchase education sequence
C-00488,Queensland,paid-social,none,hydration,5,4,278.82,69.71,0.168,0.127,1,15,0.765,7.2,326.22,0,Emerging-shoppers,Second-purchase education sequence
C-00489,New South Wales,paid-social,silver,recovery,15,16,2240.25,140.02,0.105,0.059,2,28,0.485,7.4,2845.12,0,High-value-loyalists,Loyalty upgrade with category cross-sell
C-00490,Western Australia,retail-store,silver,jackets,32,11,1412.79,128.44,0.079,0.072,0,21,0.613,8.5,2034.42,0,High-value-loyalists,Loyalty upgrade with category cross-sell
C-00491,New South Wales,retail-store,silver,footwear,29,14,1905.31,136.09,0.134,0.04,0,20,0.858,7,2686.49,0,High-value-loyalists,Loyalty upgrade with category cross-sell
C-00492,Victoria,referral,none,recovery,8,4,312.16,78.04,0.163,0.058,2,23,0.65,8.4,374.59,0,Emerging-shoppers,Second-purchase education sequence
C-00493,Queensland,referral,bronze,footwear,23,12,1041.38,86.78,0.231,0.071,2,30,0.545,9.2,1405.86,0,Frequent-regulars,Free shipping threshold reminder
C-00494,New South Wales,paid-social,silver,jackets,2,4,292.17,73.04,0.237,0.059,0,22,0.733,7.4,333.07,0,Emerging-shoppers,Second-purchase education sequence
C-00495,New South Wales,search,silver,camp,27,24,3217.26,134.05,0.128,0.043,1,11,0.78,8.5,4471.99,0,High-value-loyalists,Loyalty upgrade with category cross-sell
C-00496,New South Wales,retail-store,none,packs,24,12,1025.96,85.5,0.275,0.071,0,33,0.725,7.8,1395.31,0,Frequent-regulars,Free shipping threshold reminder
C-00497,Queensland,referral,gold,hydration,43,37,6015.99,162.59,0.044,0.046,0,5,0.921,9,9324.78,0,VIP-loyalists,Early access and premium bundle
C-00498,South Australia,organic,bronze,apparel,18,3,230.5,76.83,0.154,0.167,0,24,0.543,7.3,299.65,0,Emerging-shoppers,Second-purchase education sequence
C-00499,New South Wales,paid-social,silver,recovery,22,7,483.24,69.03,0.437,0.164,4,62,0.189,5.1,647.54,1,Lapsing-customers,Win-back offer with service recovery
C-00500,Tasmania,paid-social,bronze,packs,16,8,639.84,79.98,0.325,0.126,2,116,0.284,4.3,819,1,Lapsing-customers,Win-back offer with service recovery
C-00501,Queensland,paid-social,silver,recovery,2,3,211.95,70.65,0.231,0.083,2,20,0.728,8.4,241.62,0,Emerging-shoppers,Second-purchase education sequence
C-00502,Tasmania,paid-social,none,packs,31,9,777.93,86.44,0.171,0.077,0,32,0.769,7,1112.44,0,Frequent-regulars,Free shipping threshold reminder
C-00503,New South Wales,paid-social,none,hydration,27,6,420.19,70.03,0.327,0.196,2,152,0.35,6.7,584.06,1,Lapsing-customers,Win-back offer with service recovery
C-00504,Western Australia,referral,none,packs,16,9,679.1,75.46,0.293,0.185,1,215,0.127,5.7,869.25,1,Lapsing-customers,Win-back offer with service recovery
C-00505,Tasmania,referral,none,hydration,30,14,1200.36,85.74,0.308,0.07,0,22,0.657,7.4,1704.51,0,Frequent-regulars,Free shipping threshold reminder
C-00506,Victoria,search,none,hydration,11,2,135.86,67.93,0.298,0.095,2,22,0.789,8.9,167.11,0,Emerging-shoppers,Second-purchase education sequence
C-00507,New South Wales,search,bronze,jackets,10,3,216.21,72.07,0.197,0.15,4,143,0.309,5.1,263.78,1,Lapsing-customers,Win-back offer with service recovery
C-00508,Western Australia,retail-store,bronze,hydration,27,13,1019.27,78.41,0.222,0.053,2,30,0.584,7.4,1416.79,0,Frequent-regulars,Free shipping threshold reminder
C-00509,Tasmania,referral,silver,recovery,33,5,336.76,67.35,0.278,0.197,2,143,0.158,5.9,488.3,1,Lapsing-customers,Win-back offer with service recovery
C-00510,South Australia,paid-social,silver,apparel,3,4,261.91,65.48,0.266,0.048,0,20,0.602,7.7,301.2,0,Emerging-shoppers,Second-purchase education sequence
C-00511,Victoria,organic,none,accessories,3,6,466.15,77.69,0.197,0.047,0,20,0.799,8.6,536.07,0,Emerging-shoppers,Second-purchase education sequence
C-00512,Western Australia,paid-social,none,footwear,26,9,717.33,79.7,0.183,0.104,1,28,0.644,8.4,989.92,0,Frequent-regulars,Free shipping threshold reminder
C-00513,New South Wales,search,silver,hydration,4,5,408.89,81.78,0.306,0.079,1,18,0.643,7.6,474.31,1,Emerging-shoppers,Second-purchase education sequence
C-00514,South Australia,referral,silver,jackets,33,16,1993.08,124.57,0.238,0.064,2,18,0.714,8.1,2889.97,0,High-value-loyalists,Loyalty upgrade with category cross-sell
C-00515,South Australia,search,none,jackets,18,6,394.82,65.8,0.375,0.167,2,108,0.204,4.8,513.27,0,Lapsing-customers,Win-back offer with service recovery
C-00516,Queensland,paid-social,silver,hydration,11,6,437.15,72.86,0.205,0.055,0,17,0.79,8.8,537.69,0,Emerging-shoppers,Second-purchase education sequence
C-00517,Tasmania,paid-social,none,recovery,15,11,898.42,81.67,0.259,0.072,0,30,0.687,8,1140.99,0,Frequent-regulars,Free shipping threshold reminder
C-00518,Tasmania,referral,silver,jackets,25,23,3150.36,136.97,0.101,0.003,0,12,0.677,8.1,4315.99,0,High-value-loyalists,Loyalty upgrade with category cross-sell
C-00519,New South Wales,search,none,accessories,26,6,442.96,73.83,0.357,0.164,3,85,0.4,6.9,611.28,1,Lapsing-customers,Win-back offer with service recovery
C-00520,Queensland,search,none,accessories,10,6,517.74,86.29,0.331,0.098,1,20,0.603,7.3,631.64,0,Emerging-shoppers,Second-purchase education sequence
C-00521,South Australia,organic,silver,hydration,25,8,630.75,78.84,0.368,0.172,2,72,0.211,5.5,864.13,0,Lapsing-customers,Win-back offer with service recovery
C-00522,Victoria,referral,silver,recovery,26,18,2487.48,138.19,0.141,0.081,0,19,0.83,9.2,3432.72,0,High-value-loyalists,Loyalty upgrade with category cross-sell
C-00523,New South Wales,organic,none,hydration,27,12,910.28,75.86,0.239,0.048,2,30,0.64,8.5,1265.29,0,Frequent-regulars,Free shipping threshold reminder
C-00524,Queensland,referral,none,apparel,28,6,434.13,72.36,0.377,0.203,2,92,0.145,5.3,607.78,1,Lapsing-customers,Win-back offer with service recovery
C-00525,New South Wales,organic,gold,jackets,35,21,3692.88,175.85,0,0.045,1,3,0.715,10,5428.53,0,VIP-loyalists,Early access and premium bundle
C-00526,South Australia,paid-social,silver,accessories,28,11,1340.62,121.87,0.233,0.11,1,23,0.97,8.1,1876.87,0,High-value-loyalists,Loyalty upgrade with category cross-sell
C-00527,South Australia,retail-store,silver,accessories,43,36,6421.77,178.38,0.019,0,0,11,0.954,8.4,9953.74,1,VIP-loyalists,Early access and premium bundle
C-00528,New South Wales,search,bronze,footwear,24,13,1129.5,86.88,0.197,0.102,0,39,0.604,6.8,1536.12,0,Frequent-regulars,Free shipping threshold reminder
C-00529,Victoria,organic,none,packs,4,4,316.21,79.05,0.226,0.095,0,15,0.609,8,366.8,0,Emerging-shoppers,Second-purchase education sequence
C-00530,Queensland,paid-social,gold,hydration,30,10,1203.48,120.35,0.088,0.052,1,19,0.809,9,1708.94,0,High-value-loyalists,Loyalty upgrade with category cross-sell
C-00531,Western Australia,organic,none,footwear,4,4,351.42,87.85,0.18,0.016,0,14,0.689,8.4,407.65,0,Emerging-shoppers,Second-purchase education sequence
C-00532,Tasmania,referral,silver,recovery,24,20,2850.7,142.53,0.14,0.083,1,19,0.667,6.5,3876.95,0,High-value-loyalists,Loyalty upgrade with category cross-sell
C-00533,Queensland,retail-store,none,recovery,25,17,1378.99,81.12,0.188,0.076,1,24,0.732,7.2,1889.22,0,Frequent-regulars,Free shipping threshold reminder
C-00534,Tasmania,paid-social,silver,recovery,38,30,5020.08,167.34,0.085,0.092,1,9,0.738,8.1,7530.12,0,VIP-loyalists,Early access and premium bundle
C-00535,South Australia,retail-store,none,footwear,20,5,311.14,62.23,0.317,0.226,2,147,0.143,5.7,410.7,1,Lapsing-customers,Win-back offer with service recovery
C-00536,Victoria,retail-store,silver,accessories,39,17,2302.33,135.43,0.053,0.087,1,23,0.629,9.1,3476.52,0,High-value-loyalists,Loyalty upgrade with category cross-sell
C-00537,New South Wales,retail-store,silver,recovery,16,2,185.4,92.7,0.152,0.132,0,19,0.716,8.9,237.31,0,Emerging-shoppers,Second-purchase education sequence
C-00538,Western Australia,retail-store,none,hydration,22,6,467.94,77.99,0.279,0.209,3,98,0.165,5.9,627.04,1,Lapsing-customers,Win-back offer with service recovery
C-00539,Victoria,retail-store,silver,camp,22,8,645.48,80.69,0.337,0.187,2,113,0.136,5.7,864.94,0,Lapsing-customers,Win-back offer with service recovery
C-00540,Queensland,retail-store,silver,footwear,32,8,642.93,80.37,0.28,0.144,5,136,0.236,5.5,925.82,1,Lapsing-customers,Win-back offer with service recovery
C-00541,Western Australia,retail-store,silver,recovery,25,11,994,90.36,0.245,0.137,2,23,0.54,9.1,1361.78,0,Frequent-regulars,Free shipping threshold reminder
C-00542,Victoria,referral,silver,hydration,22,18,2192.02,121.78,0.092,0.066,2,21,0.808,8.5,2937.31,0,High-value-loyalists,Loyalty upgrade with category cross-sell
C-00543,Queensland,referral,bronze,packs,23,8,470.85,58.86,0.264,0.126,3,127,0.36,6.7,635.65,1,Lapsing-customers,Win-back offer with service recovery
C-00544,Tasmania,search,none,footwear,30,10,875.92,87.59,0.143,0.102,0,30,0.588,8.7,1243.81,1,Frequent-regulars,Free shipping threshold reminder
C-00545,Victoria,referral,silver,jackets,26,5,362.16,72.43,0.355,0.182,1,131,0.153,6,499.78,0,Lapsing-customers,Win-back offer with service recovery
C-00546,Tasmania,search,silver,footwear,32,19,2491.78,131.15,0.191,0.068,1,19,0.717,9.2,3588.16,0,High-value-loyalists,Loyalty upgrade with category cross-sell
C-00547,Tasmania,search,bronze,recovery,2,6,487.71,81.28,0.19,0.115,1,21,0.728,8.8,555.99,0,Emerging-shoppers,Second-purchase education sequence
C-00548,Tasmania,search,none,footwear,20,14,1155.93,82.57,0.122,0.055,2,32,0.644,7.6,1525.83,0,Frequent-regulars,Free shipping threshold reminder
C-00549,Victoria,organic,none,packs,26,5,453.5,90.7,0.258,0.105,4,132,0.135,5.7,625.83,1,Lapsing-customers,Win-back offer with service recovery
C-00550,Tasmania,retail-store,none,packs,9,5,393.5,78.7,0.164,0.08,0,24,0.605,7.5,476.14,0,Emerging-shoppers,Second-purchase education sequence
C-00551,Tasmania,paid-social,none,camp,26,6,426.36,71.06,0.285,0.218,2,118,0.055,8,588.38,0,Lapsing-customers,Win-back offer with service recovery
C-00552,Tasmania,referral,silver,jackets,28,22,2924.28,132.92,0.189,0.075,3,12,0.758,8.7,4093.99,0,High-value-loyalists,Loyalty upgrade with category cross-sell
C-00553,Tasmania,paid-social,gold,jackets,29,19,2687.36,141.44,0.17,0.027,0,20,0.597,7.7,3789.18,1,High-value-loyalists,Loyalty upgrade with category cross-sell
C-00554,New South Wales,paid-social,silver,camp,30,6,402.35,67.06,0.236,0.173,1,114,0.235,5.1,571.34,1,Lapsing-customers,Win-back offer with service recovery
C-00555,New South Wales,retail-store,none,camp,22,6,497.76,82.96,0.244,0.109,2,176,0.128,5.4,667,1,Lapsing-customers,Win-back offer with service recovery
C-00556,New South Wales,search,bronze,footwear,23,12,974.41,81.2,0.088,0.072,2,11,0.575,7,1315.45,1,Frequent-regulars,Free shipping threshold reminder
C-00557,Queensland,retail-store,none,accessories,19,9,739.83,82.2,0.115,0.01,0,39,0.621,6.2,969.18,1,Frequent-regulars,Free shipping threshold reminder
C-00558,Western Australia,paid-social,none,apparel,27,4,329.24,82.31,0.41,0.197,5,109,0.277,4.6,457.64,1,Lapsing-customers,Win-back offer with service recovery
C-00559,Victoria,referral,bronze,camp,11,3,201.59,67.2,0.257,0.031,1,21,0.567,8.1,247.96,0,Emerging-shoppers,Second-purchase education sequence
C-00560,Tasmania,search,silver,footwear,23,15,1830.17,122.01,0.123,0.017,2,24,0.713,7.4,2470.73,0,High-value-loyalists,Loyalty upgrade with category cross-sell
C-00561,New South Wales,organic,none,hydration,21,7,499.15,71.31,0.37,0.175,3,162,0.233,6.5,663.87,1,Lapsing-customers,Win-back offer with service recovery
C-00562,Western Australia,retail-store,none,camp,24,11,963.32,87.57,0.172,0.057,1,36,0.394,7.9,1310.12,0,Frequent-regulars,Free shipping threshold reminder
C-00563,Western Australia,referral,none,apparel,3,5,318.78,63.76,0.294,0.109,2,18,0.647,8.3,366.6,1,Emerging-shoppers,Second-purchase education sequence
C-00564,Victoria,search,silver,hydration,21,11,922.14,83.83,0.165,0.093,2,42,0.603,6.4,1226.45,0,Frequent-regulars,Free shipping threshold reminder
C-00565,New South Wales,paid-social,silver,accessories,29,13,995.83,76.6,0.144,0.071,1,25,0.613,7.9,1404.12,1,Frequent-regulars,Free shipping threshold reminder
C-00566,Victoria,referral,none,recovery,22,12,991.62,82.64,0.177,0.133,2,46,0.545,7.8,1328.77,1,Frequent-regulars,Free shipping threshold reminder
C-00567,South Australia,retail-store,gold,accessories,37,37,6198.1,167.52,0,0,0,14,0.754,7.3,9235.17,0,VIP-loyalists,Early access and premium bundle
C-00568,Western Australia,search,none,accessories,18,12,931.38,77.62,0.215,0.075,2,43,0.452,8.8,1210.79,0,Frequent-regulars,Free shipping threshold reminder
C-00569,Tasmania,organic,none,apparel,21,6,449.92,74.99,0.333,0.199,4,109,0.192,5.2,598.39,1,Lapsing-customers,Win-back offer with service recovery
C-00570,Queensland,organic,silver,apparel,25,23,2986.89,129.86,0.179,0.023,1,21,0.694,8.6,4092.04,0,High-value-loyalists,Loyalty upgrade with category cross-sell
C-00571,Western Australia,referral,none,jackets,25,5,353.95,70.79,0.289,0.129,2,91,0.273,5.7,484.91,1,Lapsing-customers,Win-back offer with service recovery
C-00572,South Australia,referral,gold,accessories,32,22,2997.42,136.25,0.14,0,3,16,0.774,7.9,4316.28,1,High-value-loyalists,Loyalty upgrade with category cross-sell
C-00573,Western Australia,referral,none,hydration,28,12,896.05,74.67,0.143,0.077,1,24,0.66,8.3,1254.47,0,Frequent-regulars,Free shipping threshold reminder
C-00574,Western Australia,referral,none,recovery,11,6,450,75,0.098,0.115,0,18,0.554,7.4,553.5,1,Emerging-shoppers,Second-purchase education sequence
C-00575,Queensland,paid-social,none,apparel,4,2,172.37,86.19,0.297,0.083,1,18,0.59,8.6,199.95,1,Emerging-shoppers,Second-purchase education sequence
C-00576,New South Wales,organic,none,recovery,22,10,710.9,71.09,0.116,0.095,3,32,0.532,7.6,952.61,0,Frequent-regulars,Free shipping threshold reminder
C-00577,South Australia,retail-store,none,camp,2,5,365.3,73.06,0.257,0.112,1,20,0.62,9.1,416.44,0,Emerging-shoppers,Second-purchase education sequence
C-00578,Western Australia,paid-social,none,jackets,16,15,1162.2,77.48,0.21,0.104,3,30,0.519,6.8,1487.62,0,Frequent-regulars,Free shipping threshold reminder
C-00579,Queensland,paid-social,none,accessories,30,5,341.05,68.21,0.265,0.102,1,118,0.261,6.4,484.29,0,Lapsing-customers,Win-back offer with service recovery
C-00580,Queensland,retail-store,bronze,packs,26,5,380.38,76.08,0.311,0.173,1,146,0.03,4.4,524.92,1,Lapsing-customers,Win-back offer with service recovery
C-00581,Victoria,retail-store,none,packs,2,4,231.78,57.95,0.352,0.068,1,21,0.569,7.6,264.23,0,Emerging-shoppers,Second-purchase education sequence
C-00582,Tasmania,paid-social,none,camp,37,5,380.75,76.15,0.359,0.192,3,134,0.197,5.4,567.32,1,Lapsing-customers,Win-back offer with service recovery
C-00583,Victoria,retail-store,silver,jackets,28,22,3069.91,139.54,0.17,0.048,1,18,0.575,7.8,4297.87,0,High-value-loyalists,Loyalty upgrade with category cross-sell
C-00584,Victoria,search,none,packs,30,10,809.38,80.94,0.178,0.03,0,24,0.484,6.9,1149.32,0,Frequent-regulars,Free shipping threshold reminder
C-00585,Western Australia,search,none,accessories,7,6,457.39,76.23,0.249,0.07,1,22,0.62,8.2,544.29,0,Emerging-shoppers,Second-purchase education sequence
C-00586,South Australia,organic,silver,hydration,31,29,4586.01,158.14,0.113,0.076,1,8,0.859,9,6557.99,0,VIP-loyalists,Early access and premium bundle
C-00587,South Australia,retail-store,bronze,footwear,31,6,485.03,80.84,0.302,0.149,3,124,0.146,6.1,693.59,1,Lapsing-customers,Win-back offer with service recovery
C-00588,Western Australia,search,silver,jackets,27,8,677.76,84.72,0.212,0.062,2,27,0.612,6.3,942.09,0,Frequent-regulars,Free shipping threshold reminder
C-00589,Tasmania,organic,none,jackets,10,11,966.54,87.87,0.151,0.053,1,41,0.392,7.6,1179.18,1,Frequent-regulars,Free shipping threshold reminder
C-00590,Tasmania,retail-store,silver,camp,23,12,1003.09,83.59,0.147,0.086,0,35,0.629,8.2,1354.17,0,Frequent-regulars,Free shipping threshold reminder
C-00591,Western Australia,search,none,camp,26,13,1057.31,81.33,0.182,0.121,1,25,0.706,8.3,1459.09,1,Frequent-regulars,Free shipping threshold reminder
C-00592,Queensland,search,silver,hydration,26,32,5051,157.84,0.04,0.021,1,3,0.945,9.3,6970.38,0,VIP-loyalists,Early access and premium bundle
C-00593,Tasmania,organic,silver,camp,2,2,154.57,77.28,0.289,0.117,1,25,0.705,7.3,176.21,1,Emerging-shoppers,Second-purchase education sequence
C-00594,Tasmania,organic,bronze,jackets,2,2,119.5,59.75,0.339,0.11,1,23,0.71,6.6,136.23,0,Emerging-shoppers,Second-purchase education sequence
C-00595,Western Australia,search,silver,apparel,13,3,213.49,71.16,0.242,0.036,1,24,0.515,8.4,266.86,0,Emerging-shoppers,Second-purchase education sequence
C-00596,Tasmania,referral,silver,hydration,27,17,2162.84,127.23,0.078,0.097,1,18,0.655,7.8,3006.35,0,High-value-loyalists,Loyalty upgrade with category cross-sell
C-00597,New South Wales,retail-store,gold,camp,34,26,3506.78,134.88,0.058,0.112,2,22,0.778,8.9,5119.9,0,High-value-loyalists,Loyalty upgrade with category cross-sell
C-00598,South Australia,paid-social,silver,camp,2,2,159.32,79.66,0.187,0.104,2,24,0.653,7.3,181.62,0,Emerging-shoppers,Second-purchase education sequence
C-00599,Western Australia,search,none,accessories,17,4,282.44,70.61,0.185,0.098,2,19,0.719,7.8,364.35,1,Emerging-shoppers,Second-purchase education sequence
C-00600,Queensland,referral,silver,camp,17,3,234.05,78.02,0.135,0.137,0,17,0.462,7.6,301.92,0,Emerging-shoppers,Second-purchase education sequence
C-00601,Tasmania,organic,none,accessories,2,3,230.58,76.86,0.309,0.091,2,21,0.565,7.1,262.86,0,Emerging-shoppers,Second-purchase education sequence
C-00602,Tasmania,search,bronze,accessories,15,2,141.25,70.63,0.371,0.059,1,18,0.526,8.3,179.39,0,Emerging-shoppers,Second-purchase education sequence
C-00603,Tasmania,retail-store,bronze,camp,18,8,713.94,89.24,0.149,0.144,1,36,0.523,6.8,928.12,0,Frequent-regulars,Free shipping threshold reminder
C-00604,Victoria,paid-social,none,apparel,11,10,879.06,87.91,0.191,0.123,2,29,0.623,7.4,1081.24,0,Frequent-regulars,Free shipping threshold reminder
C-00605,New South Wales,search,none,jackets,27,17,1456,85.65,0.136,0.077,3,36,0.591,8.9,2023.84,1,Frequent-regulars,Free shipping threshold reminder
C-00606,New South Wales,retail-store,silver,apparel,25,19,2546.71,134.04,0.154,0.138,1,15,0.778,8.5,3488.99,0,High-value-loyalists,Loyalty upgrade with category cross-sell
C-00607,New South Wales,referral,silver,packs,21,24,3180.2,132.51,0.097,0.041,1,16,0.841,8,4229.67,0,High-value-loyalists,Loyalty upgrade with category cross-sell
C-00608,Western Australia,organic,bronze,jackets,2,5,294.22,58.84,0.229,0.05,0,15,0.66,7,335.41,0,Emerging-shoppers,Second-purchase education sequence
C-00609,New South Wales,search,gold,apparel,43,20,3537.14,176.86,0.073,0.053,0,1,0.818,9.5,5482.57,0,VIP-loyalists,Early access and premium bundle
C-00610,Western Australia,retail-store,none,camp,25,17,1553.85,91.4,0.159,0.092,0,36,0.503,8.8,2128.77,0,Frequent-regulars,Free shipping threshold reminder
C-00611,Western Australia,retail-store,bronze,packs,14,2,132.77,66.39,0.245,0.101,2,23,0.785,6.7,167.29,1,Emerging-shoppers,Second-purchase education sequence
C-00612,South Australia,paid-social,none,accessories,8,5,432.33,86.47,0.18,0.121,2,20,0.656,7.8,518.8,0,Emerging-shoppers,Second-purchase education sequence
C-00613,Victoria,organic,silver,hydration,2,5,372.95,74.59,0.184,0.112,2,22,0.656,8.4,425.16,0,Emerging-shoppers,Second-purchase education sequence
C-00614,Western Australia,search,silver,recovery,26,18,2402.53,133.47,0.121,0.061,0,19,0.701,8.1,3315.49,1,High-value-loyalists,Loyalty upgrade with category cross-sell
C-00615,Queensland,organic,none,packs,8,2,115.49,57.75,0.215,0.127,1,17,0.603,7.4,138.59,0,Emerging-shoppers,Second-purchase education sequence
C-00616,Western Australia,search,silver,jackets,17,6,536.12,89.35,0.311,0.169,4,150,0.464,6.1,691.59,1,Lapsing-customers,Win-back offer with service recovery
C-00617,Western Australia,retail-store,silver,hydration,34,20,2245.73,112.29,0.082,0.144,0,18,0.674,7.3,3278.77,0,High-value-loyalists,Loyalty upgrade with category cross-sell
C-00618,New South Wales,retail-store,bronze,camp,8,1,44.56,44.56,0.226,0.1,3,16,0.547,8.5,53.47,0,Emerging-shoppers,Second-purchase education sequence
C-00619,New South Wales,retail-store,silver,hydration,16,9,721.56,80.17,0.273,0.05,2,32,0.598,7.1,923.6,0,Frequent-regulars,Free shipping threshold reminder
C-00620,Western Australia,paid-social,bronze,accessories,10,3,268.94,89.65,0.183,0.068,0,19,0.519,6.8,328.11,0,Emerging-shoppers,Second-purchase education sequence
C-00621,Queensland,organic,silver,recovery,38,12,1654.26,137.85,0.117,0.062,2,12,0.852,9,2481.39,0,High-value-loyalists,Loyalty upgrade with category cross-sell
C-00622,New South Wales,paid-social,silver,apparel,25,13,1062.17,81.71,0.204,0.11,2,31,0.53,7.1,1455.17,0,Frequent-regulars,Free shipping threshold reminder
C-00623,South Australia,search,gold,apparel,26,29,5010.91,172.79,0,0.032,0,4,0.726,7.9,6915.06,1,VIP-loyalists,Early access and premium bundle
C-00624,South Australia,paid-social,bronze,accessories,17,3,232.44,77.48,0.254,0.114,0,18,0.556,6.8,299.85,0,Emerging-shoppers,Second-purchase education sequence
C-00625,Victoria,retail-store,gold,apparel,37,30,5002.77,166.76,0.097,0.04,0,1,0.826,9.3,7454.13,0,VIP-loyalists,Early access and premium bundle
C-00626,Victoria,referral,silver,recovery,28,21,2883.15,137.29,0.104,0.074,1,11,0.596,8.6,4036.41,0,High-value-loyalists,Loyalty upgrade with category cross-sell
C-00627,Western Australia,paid-social,silver,apparel,27,7,591.81,84.54,0.422,0.153,4,100,0.351,6.6,822.62,1,Lapsing-customers,Win-back offer with service recovery
C-00628,South Australia,search,none,jackets,25,13,1058.67,81.44,0.21,0.12,1,44,0.535,7.8,1450.38,0,Frequent-regulars,Free shipping threshold reminder
C-00629,Victoria,paid-social,bronze,jackets,20,14,1114.1,79.58,0.226,0.087,1,38,0.498,8.7,1470.61,0,Frequent-regulars,Free shipping threshold reminder
C-00630,Queensland,organic,bronze,packs,2,3,255.79,85.26,0.245,0.072,3,30,0.811,6.2,291.6,0,Emerging-shoppers,Second-purchase education sequence
C-00631,Queensland,paid-social,gold,accessories,35,22,2861.56,130.07,0.034,0.065,1,22,0.71,8,4206.49,0,High-value-loyalists,Loyalty upgrade with category cross-sell
C-00632,South Australia,organic,gold,recovery,28,25,3313.48,132.54,0.085,0.058,2,18,0.791,8.2,4638.87,0,High-value-loyalists,Loyalty upgrade with category cross-sell
C-00633,Western Australia,search,bronze,recovery,20,14,1145.35,81.81,0.237,0.079,1,37,0.656,7.6,1511.86,0,Frequent-regulars,Free shipping threshold reminder
C-00634,South Australia,search,silver,apparel,9,6,405.09,67.52,0.173,0.173,0,26,0.6,7.9,490.16,0,Emerging-shoppers,Second-purchase education sequence
C-00635,Queensland,paid-social,none,apparel,33,7,526.42,75.2,0.344,0.205,3,73,0.126,5.9,763.31,1,Lapsing-customers,Win-back offer with service recovery
C-00636,Tasmania,referral,none,footwear,21,5,421.48,84.3,0.355,0.185,1,88,0.09,6.7,560.57,0,Lapsing-customers,Win-back offer with service recovery
C-00637,South Australia,retail-store,none,packs,4,2,146.1,73.05,0.176,0.083,1,20,0.528,7.1,169.48,0,Emerging-shoppers,Second-purchase education sequence
C-00638,New South Wales,search,silver,footwear,2,5,359.94,71.99,0.293,0.114,0,22,0.597,7.3,410.33,0,Emerging-shoppers,Second-purchase education sequence
C-00639,Western Australia,retail-store,none,hydration,31,15,1204.79,80.32,0.244,0.037,1,29,0.733,7.7,1722.85,0,Frequent-regulars,Free shipping threshold reminder
C-00640,Western Australia,retail-store,bronze,apparel,30,10,867.32,86.73,0.19,0.143,2,28,0.683,7.7,1231.59,0,Frequent-regulars,Free shipping threshold reminder
C-00641,Victoria,retail-store,gold,hydration,45,19,3335.87,175.57,0.076,0.105,0,5,0.978,9,5237.32,0,VIP-loyalists,Early access and premium bundle
C-00642,South Australia,retail-store,none,packs,27,6,450.96,75.16,0.397,0.143,3,111,0.296,5.6,626.83,1,Lapsing-customers,Win-back offer with service recovery
C-00643,Western Australia,paid-social,silver,recovery,32,34,5838.5,171.72,0.023,0.092,2,2,0.809,9.8,8407.44,0,VIP-loyalists,Early access and premium bundle
C-00644,South Australia,referral,silver,camp,19,14,1251.63,89.4,0.213,0.096,1,35,0.497,8.6,1639.64,0,Frequent-regulars,Free shipping threshold reminder
C-00645,Tasmania,organic,silver,footwear,5,4,268.04,67.01,0.28,0.09,1,16,0.709,8.9,313.61,0,Emerging-shoppers,Second-purchase education sequence
C-00646,South Australia,retail-store,gold,jackets,36,19,2436.31,128.23,0.148,0.062,1,19,0.573,8.1,3605.74,0,High-value-loyalists,Loyalty upgrade with category cross-sell
C-00647,South Australia,paid-social,gold,jackets,20,24,3003.02,125.13,0.092,0.065,0,18,0.736,9.2,3963.99,0,High-value-loyalists,Loyalty upgrade with category cross-sell
C-00648,Tasmania,organic,bronze,hydration,25,7,525.41,75.06,0.287,0.191,1,108,0.02,6.7,719.81,1,Lapsing-customers,Win-back offer with service recovery
C-00649,Western Australia,referral,silver,footwear,31,12,1501.04,125.09,0.108,0.025,1,20,0.612,10,2146.49,0,High-value-loyalists,Loyalty upgrade with category cross-sell
C-00650,Tasmania,paid-social,none,footwear,25,11,966.61,87.87,0.2,0.135,3,37,0.567,6.9,1324.26,0,Frequent-regulars,Free shipping threshold reminder
C-00651,Tasmania,retail-store,none,packs,25,18,1387.58,77.09,0.095,0.064,2,28,0.38,7.7,1900.98,0,Frequent-regulars,Free shipping threshold reminder
C-00652,Tasmania,retail-store,none,hydration,18,9,659.41,73.27,0.264,0.163,3,127,0.097,5.5,857.23,1,Lapsing-customers,Win-back offer with service recovery
C-00653,South Australia,organic,none,accessories,19,10,837.83,83.78,0.241,0.071,2,23,0.629,7.3,1097.56,0,Frequent-regulars,Free shipping threshold reminder
C-00654,Queensland,retail-store,bronze,apparel,17,16,1309.18,81.82,0.351,0.099,1,34,0.579,7.7,1688.84,1,Frequent-regulars,Free shipping threshold reminder
C-00655,Western Australia,paid-social,bronze,accessories,28,8,564.31,70.54,0.352,0.114,3,99,0.065,4.9,790.03,0,Lapsing-customers,Win-back offer with service recovery
C-00656,New South Wales,paid-social,none,accessories,28,12,998.19,83.18,0.138,0.062,2,26,0.722,6.8,1397.47,0,Frequent-regulars,Free shipping threshold reminder
C-00657,Tasmania,paid-social,silver,hydration,23,6,418.89,69.81,0.244,0.152,1,124,0.203,6,565.5,1,Lapsing-customers,Win-back offer with service recovery
C-00658,New South Wales,search,bronze,accessories,16,11,988.49,89.86,0.183,0.084,0,35,0.49,7.6,1265.27,0,Frequent-regulars,Free shipping threshold reminder
C-00659,South Australia,retail-store,none,footwear,30,15,1302.94,86.86,0.187,0.042,0,31,0.666,8.6,1850.17,0,Frequent-regulars,Free shipping threshold reminder
C-00660,Queensland,organic,silver,footwear,39,36,6289.49,174.71,0.038,0.043,2,9,0.751,9.1,9497.13,0,VIP-loyalists,Early access and premium bundle
C-00661,Queensland,retail-store,bronze,camp,29,6,486.8,81.13,0.234,0.156,3,135,0.087,5.9,686.39,1,Lapsing-customers,Win-back offer with service recovery
C-00662,Queensland,search,bronze,accessories,28,5,370.69,74.14,0.272,0.126,3,170,0.351,6.1,518.97,1,Lapsing-customers,Win-back offer with service recovery
C-00663,New South Wales,retail-store,silver,camp,12,4,224.39,56.1,0.272,0.109,0,24,0.773,6.7,278.24,1,Emerging-shoppers,Second-purchase education sequence
C-00664,South Australia,retail-store,none,packs,15,14,1238.2,88.44,0.15,0.074,1,24,0.556,6.5,1572.51,0,Frequent-regulars,Free shipping threshold reminder
C-00665,Tasmania,referral,silver,packs,26,10,916.17,91.62,0.229,0.116,2,22,0.543,7.5,1264.31,0,Frequent-regulars,Free shipping threshold reminder
C-00666,Queensland,search,silver,hydration,26,7,495.15,70.74,0.28,0.177,2,199,0.14,5,683.31,1,Lapsing-customers,Win-back offer with service recovery
C-00667,South Australia,paid-social,bronze,packs,22,15,1109.46,73.96,0.2,0.064,3,27,0.557,9.1,1486.68,1,Frequent-regulars,Free shipping threshold reminder
C-00668,Western Australia,paid-social,silver,packs,23,20,2619.7,130.99,0.14,0,1,23,0.593,8.3,3536.6,0,High-value-loyalists,Loyalty upgrade with category cross-sell
C-00669,New South Wales,organic,none,accessories,23,12,1079.24,89.94,0.192,0.069,1,38,0.573,8.6,1456.97,0,Frequent-regulars,Free shipping threshold reminder
C-00670,Victoria,retail-store,silver,apparel,26,14,1172.66,83.76,0.157,0.122,2,25,0.666,7.1,1618.27,0,Frequent-regulars,Free shipping threshold reminder
C-00671,Victoria,paid-social,silver,apparel,35,18,2424.89,134.72,0.189,0.072,2,16,0.524,8.1,3564.59,0,High-value-loyalists,Loyalty upgrade with category cross-sell
C-00672,Western Australia,organic,none,hydration,10,3,206.8,68.93,0.267,0.083,0,17,0.621,7.9,252.3,0,Emerging-shoppers,Second-purchase education sequence
C-00673,Tasmania,paid-social,none,camp,5,3,211.49,70.5,0.255,0.087,0,16,0.648,8.3,247.44,0,Emerging-shoppers,Second-purchase education sequence
C-00674,Tasmania,search,gold,recovery,36,28,4784.87,170.89,0.05,0.077,0,6,0.98,8.2,7081.61,0,VIP-loyalists,Early access and premium bundle
C-00675,New South Wales,retail-store,none,apparel,2,4,311.71,77.93,0.16,0.063,1,23,0.736,7.7,355.35,0,Emerging-shoppers,Second-purchase education sequence
C-00676,South Australia,retail-store,none,footwear,16,4,255.8,63.95,0.316,0.114,1,21,0.753,7.4,327.42,0,Emerging-shoppers,Second-purchase education sequence
C-00677,Western Australia,organic,none,footwear,25,8,623.31,77.91,0.373,0.134,2,115,0.169,6.2,853.93,1,Lapsing-customers,Win-back offer with service recovery
C-00678,Tasmania,referral,bronze,accessories,10,6,448.19,74.7,0.206,0.083,2,21,0.841,8.5,546.79,0,Emerging-shoppers,Second-purchase education sequence
C-00679,Western Australia,referral,silver,footwear,28,22,3064.42,139.29,0.148,0.103,3,18,0.655,7.8,4290.19,0,High-value-loyalists,Loyalty upgrade with category cross-sell
C-00680,Queensland,retail-store,bronze,recovery,3,1,74.18,74.18,0.292,0.123,0,19,0.662,7.5,85.31,0,Emerging-shoppers,Second-purchase education sequence
C-00681,Tasmania,referral,none,apparel,11,4,294.77,73.69,0.28,0.081,0,21,0.7,7.3,362.57,1,Emerging-shoppers,Second-purchase education sequence
C-00682,New South Wales,organic,none,jackets,20,12,1055.91,87.99,0.131,0.07,1,31,0.445,7.5,1393.8,0,Frequent-regulars,Free shipping threshold reminder
C-00683,Western Australia,organic,bronze,footwear,23,10,848.86,84.89,0.174,0.074,2,14,0.609,9.2,1145.96,1,Frequent-regulars,Free shipping threshold reminder
C-00684,New South Wales,search,none,accessories,2,3,191.83,63.94,0.231,0.06,0,24,0.416,7.1,218.69,0,Emerging-shoppers,Second-purchase education sequence
C-00685,South Australia,search,silver,packs,29,13,1903.25,146.4,0.21,0.055,2,16,0.613,8.4,2683.58,0,High-value-loyalists,Loyalty upgrade with category cross-sell
C-00686,Queensland,paid-social,gold,packs,43,19,3206.21,168.75,0.023,0.053,0,5,0.967,10,4969.63,0,VIP-loyalists,Early access and premium bundle
C-00687,Victoria,retail-store,gold,camp,40,23,3923.49,170.59,0.136,0,0,8,0.98,9.1,5963.7,0,VIP-loyalists,Early access and premium bundle
C-00688,Victoria,retail-store,none,hydration,17,9,837.81,93.09,0.176,0.038,3,31,0.569,8.3,1080.77,0,Frequent-regulars,Free shipping threshold reminder
C-00689,Victoria,search,silver,packs,23,12,993.28,82.77,0.164,0.055,0,32,0.546,6.6,1340.93,0,Frequent-regulars,Free shipping threshold reminder
C-00690,South Australia,search,silver,recovery,7,5,321.25,64.25,0.224,0.03,0,19,0.571,7.7,382.29,0,Emerging-shoppers,Second-purchase education sequence
C-00691,South Australia,retail-store,none,recovery,23,15,1322.54,88.17,0.146,0.083,0,18,0.559,7,1785.43,0,Frequent-regulars,Free shipping threshold reminder
C-00692,South Australia,paid-social,silver,jackets,33,19,2783.6,146.51,0.159,0.066,3,17,0.697,7.6,4036.22,0,High-value-loyalists,Loyalty upgrade with category cross-sell
C-00693,South Australia,retail-store,bronze,packs,24,5,370,74,0.352,0.179,1,136,0.082,5.5,503.2,1,Lapsing-customers,Win-back offer with service recovery
C-00694,Victoria,referral,none,accessories,18,15,1226.01,81.73,0.159,0.103,2,26,0.477,7,1593.81,0,Frequent-regulars,Free shipping threshold reminder
C-00695,South Australia,organic,none,accessories,6,4,257.21,64.3,0.209,0,1,17,0.623,7,303.51,0,Emerging-shoppers,Second-purchase education sequence
C-00696,New South Wales,search,none,recovery,30,6,481.11,80.18,0.298,0.154,2,97,0.145,6.7,683.18,1,Lapsing-customers,Win-back offer with service recovery
C-00697,Western Australia,organic,none,apparel,18,13,1038.37,79.87,0.184,0.133,2,24,0.516,7.4,1349.88,0,Frequent-regulars,Free shipping threshold reminder
C-00698,New South Wales,search,none,hydration,27,7,588.5,84.07,0.206,0.169,2,105,0.284,6.5,818.02,1,Lapsing-customers,Win-back offer with service recovery
C-00699,South Australia,paid-social,bronze,camp,32,6,442.43,73.74,0.244,0.188,1,174,0.246,4.9,637.1,0,Lapsing-customers,Win-back offer with service recovery
C-00700,Queensland,search,none,camp,15,10,773.75,77.38,0.179,0.092,1,20,0.488,8,982.66,0,Frequent-regulars,Free shipping threshold reminder
C-00701,New South Wales,paid-social,silver,accessories,32,16,1407.36,87.96,0.09,0.1,2,26,0.658,7.8,2026.6,0,Frequent-regulars,Free shipping threshold reminder
C-00702,Victoria,retail-store,gold,apparel,33,24,4318.06,179.92,0.038,0.009,0,7,0.796,7.9,6261.19,0,VIP-loyalists,Early access and premium bundle
C-00703,South Australia,search,gold,footwear,36,19,3176.58,167.19,0.051,0,1,8,0.858,9.4,4701.34,0,VIP-loyalists,Early access and premium bundle
C-00704,Victoria,organic,none,hydration,4,3,249.13,83.04,0.248,0.099,1,17,0.723,8.2,288.99,0,Emerging-shoppers,Second-purchase education sequence
C-00705,Victoria,organic,bronze,accessories,22,5,354.17,70.83,0.316,0.157,5,117,0.196,6.6,474.59,1,Lapsing-customers,Win-back offer with service recovery
C-00706,Victoria,search,none,jackets,4,4,287.72,71.93,0.279,0.089,1,19,0.756,8.3,333.76,0,Emerging-shoppers,Second-purchase education sequence
C-00707,Queensland,search,none,hydration,28,6,536.73,89.45,0.326,0.157,1,132,0.301,6.8,751.42,1,Lapsing-customers,Win-back offer with service recovery
C-00708,Victoria,organic,none,hydration,2,4,276.58,69.15,0.262,0.076,4,13,0.553,7.5,315.3,0,Emerging-shoppers,Second-purchase education sequence
C-00709,Victoria,organic,bronze,packs,22,9,808.52,89.84,0.204,0.073,1,19,0.618,8.6,1083.42,0,Frequent-regulars,Free shipping threshold reminder
C-00710,Victoria,referral,none,accessories,13,5,378.45,75.69,0.252,0.073,2,21,0.388,7.8,473.06,0,Emerging-shoppers,Second-purchase education sequence
C-00711,South Australia,search,silver,jackets,36,16,2154.5,134.66,0.106,0.041,1,18,0.703,8.4,3188.66,0,High-value-loyalists,Loyalty upgrade with category cross-sell
C-00712,Tasmania,organic,bronze,packs,5,5,333.04,66.61,0.262,0.036,2,17,0.842,8.9,389.66,0,Emerging-shoppers,Second-purchase education sequence
C-00713,Western Australia,retail-store,bronze,recovery,4,5,311.67,62.33,0.24,0.104,1,21,0.584,9.3,361.54,0,Emerging-shoppers,Second-purchase education sequence
C-00714,Victoria,referral,silver,hydration,6,3,251.8,83.93,0.254,0.112,0,25,0.62,7.8,297.12,1,Emerging-shoppers,Second-purchase education sequence
C-00715,New South Wales,referral,none,hydration,8,3,215.7,71.9,0.289,0.071,0,15,0.796,8.2,258.84,0,Emerging-shoppers,Second-purchase education sequence
C-00716,New South Wales,referral,gold,packs,22,20,2526.87,126.34,0.066,0,1,14,0.813,6.9,3386.01,0,High-value-loyalists,Loyalty upgrade with category cross-sell
C-00717,Queensland,search,none,apparel,10,5,354.22,70.84,0.156,0.148,0,24,0.719,7.9,432.15,0,Emerging-shoppers,Second-purchase education sequence
C-00718,New South Wales,paid-social,gold,packs,25,11,1465.6,133.24,0.177,0.019,1,17,0.885,8.3,2007.87,0,High-value-loyalists,Loyalty upgrade with category cross-sell
C-00719,Queensland,referral,silver,accessories,29,32,5515.54,172.36,0.114,0.031,2,6,0.858,10,7776.91,0,VIP-loyalists,Early access and premium bundle
C-00720,Queensland,search,silver,recovery,37,20,2597.64,129.88,0.097,0.133,0,15,0.721,9.4,3870.48,0,High-value-loyalists,Loyalty upgrade with category cross-sell
C-00721,South Australia,referral,none,packs,6,4,272.66,68.17,0.297,0.087,1,23,0.693,6.5,321.74,0,Emerging-shoppers,Second-purchase education sequence
C-00722,Victoria,retail-store,silver,accessories,35,13,1795.61,138.12,0.19,0.046,2,26,0.808,7.8,2639.55,0,High-value-loyalists,Loyalty upgrade with category cross-sell
C-00723,New South Wales,referral,silver,packs,26,23,3116.29,135.49,0.196,0.071,1,24,0.729,8.3,4300.48,0,High-value-loyalists,Loyalty upgrade with category cross-sell
C-00724,South Australia,referral,bronze,packs,24,6,473.21,78.87,0.288,0.161,2,112,0.236,5,643.57,0,Lapsing-customers,Win-back offer with service recovery
C-00725,Victoria,referral,silver,camp,15,14,1255.92,89.71,0.136,0.141,1,30,0.667,8.6,1595.02,0,Frequent-regulars,Free shipping threshold reminder
C-00726,Victoria,search,none,jackets,8,6,386.71,64.45,0.257,0.097,1,17,0.658,10,464.05,0,Emerging-shoppers,Second-purchase education sequence
C-00727,Victoria,paid-social,none,footwear,19,7,520.24,74.32,0.318,0.144,4,163,0.217,7.2,681.51,1,Lapsing-customers,Win-back offer with service recovery
C-00728,South Australia,organic,none,jackets,23,8,477.49,59.69,0.349,0.151,0,146,0.221,6.5,644.61,0,Lapsing-customers,Win-back offer with service recovery
C-00729,New South Wales,search,none,footwear,19,16,1294.96,80.94,0.255,0.082,1,35,0.603,8.2,1696.4,0,Frequent-regulars,Free shipping threshold reminder
C-00730,Western Australia,search,none,camp,18,5,349.19,69.84,0.199,0.06,0,20,0.534,8.5,453.95,0,Emerging-shoppers,Second-purchase education sequence
C-00731,New South Wales,retail-store,silver,apparel,20,4,272.63,68.16,0.21,0.128,0,17,0.562,7.1,359.87,0,Emerging-shoppers,Second-purchase education sequence
C-00732,Western Australia,paid-social,none,recovery,17,11,926.19,84.2,0.192,0.101,2,34,0.57,7.2,1194.79,0,Frequent-regulars,Free shipping threshold reminder
C-00733,Queensland,referral,none,footwear,29,6,468.8,78.13,0.424,0.138,1,68,0.201,5.3,661.01,0,Lapsing-customers,Win-back offer with service recovery
C-00734,Tasmania,referral,none,footwear,25,5,411.06,82.21,0.23,0.129,4,128,0.215,5.3,563.15,1,Lapsing-customers,Win-back offer with service recovery
C-00735,Western Australia,search,gold,recovery,41,28,4999.76,178.56,0.042,0.032,4,9,0.98,9.5,7649.63,0,VIP-loyalists,Early access and premium bundle
C-00736,New South Wales,paid-social,none,apparel,17,15,1200.81,80.05,0.138,0,2,24,0.455,7,1549.04,0,Frequent-regulars,Free shipping threshold reminder
C-00737,South Australia,organic,silver,camp,23,7,570.67,81.52,0.35,0.192,1,72,0.18,7,770.4,0,Lapsing-customers,Win-back offer with service recovery
C-00738,Victoria,retail-store,bronze,camp,8,2,123.33,61.67,0.242,0.095,2,22,0.498,7.6,148,0,Emerging-shoppers,Second-purchase education sequence
C-00739,New South Wales,paid-social,silver,footwear,26,22,3161.92,143.72,0.152,0.077,0,16,0.709,7,4363.45,0,High-value-loyalists,Loyalty upgrade with category cross-sell
C-00740,Western Australia,referral,bronze,camp,11,1,79.82,79.82,0.254,0.081,3,23,0.544,7.8,98.18,0,Emerging-shoppers,Second-purchase education sequence
C-00741,Western Australia,paid-social,bronze,jackets,27,6,467.68,77.95,0.425,0.169,5,129,0.104,6.4,650.08,1,Lapsing-customers,Win-back offer with service recovery
C-00742,Queensland,paid-social,bronze,footwear,27,14,1215.45,86.82,0.126,0.109,1,35,0.616,7,1689.48,0,Frequent-regulars,Free shipping threshold reminder
C-00743,South Australia,paid-social,gold,accessories,37,25,3847.09,153.88,0.161,0.108,1,6,0.726,9.7,5732.16,0,VIP-loyalists,Early access and premium bundle
C-00744,Western Australia,retail-store,none,accessories,24,8,707.43,88.43,0.179,0.054,1,35,0.514,7,962.1,1,Frequent-regulars,Free shipping threshold reminder
C-00745,South Australia,search,none,recovery,27,6,507.56,84.59,0.249,0.174,4,120,0.265,6.7,705.51,1,Lapsing-customers,Win-back offer with service recovery
C-00746,Tasmania,retail-store,silver,camp,45,26,4346.89,167.19,0.133,0,2,10,0.74,8.7,6824.62,0,VIP-loyalists,Early access and premium bundle
C-00747,South Australia,paid-social,none,apparel,29,8,699.44,87.43,0.261,0.17,4,111,0.08,5.1,986.21,1,Lapsing-customers,Win-back offer with service recovery
C-00748,Western Australia,retail-store,none,camp,35,6,424.01,70.67,0.244,0.042,3,91,0.231,6,623.29,1,Lapsing-customers,Win-back offer with service recovery
C-00749,New South Wales,referral,none,packs,26,7,605.48,86.5,0.265,0.23,4,141,0.177,5.6,835.56,0,Lapsing-customers,Win-back offer with service recovery
C-00750,New South Wales,organic,gold,packs,43,25,4031.7,161.27,0.133,0.056,2,10,0.944,8.5,6249.14,0,VIP-loyalists,Early access and premium bundle
C-00751,South Australia,referral,gold,camp,26,13,1860.54,143.12,0.029,0.028,1,18,0.852,7.6,2567.55,0,High-value-loyalists,Loyalty upgrade with category cross-sell
C-00752,Queensland,search,silver,jackets,38,25,4040.73,161.63,0.142,0.002,0,1,0.822,10,6061.1,0,VIP-loyalists,Early access and premium bundle
C-00753,Victoria,referral,silver,apparel,23,9,679.58,75.51,0.253,0.074,1,30,0.69,8.6,917.43,0,Frequent-regulars,Free shipping threshold reminder
C-00754,Tasmania,search,silver,apparel,33,21,3111.28,148.16,0.11,0,0,13,0.757,9,4511.36,0,High-value-loyalists,Loyalty upgrade with category cross-sell
C-00755,Western Australia,retail-store,none,apparel,21,4,296.16,74.04,0.395,0.16,3,148,0.254,6.3,393.89,1,Lapsing-customers,Win-back offer with service recovery
C-00756,Victoria,retail-store,none,accessories,29,15,1303.79,86.92,0.151,0.107,3,27,0.683,8,1838.34,0,Frequent-regulars,Free shipping threshold reminder
C-00757,Victoria,paid-social,gold,accessories,49,32,5186.63,162.08,0.196,0,2,6,0.72,7.8,8350.47,0,VIP-loyalists,Early access and premium bundle
C-00758,Queensland,search,bronze,apparel,2,5,335.67,67.13,0.256,0.103,2,21,0.633,7.5,382.66,0,Emerging-shoppers,Second-purchase education sequence
C-00759,New South Wales,paid-social,silver,jackets,18,11,982.8,89.35,0.239,0.083,1,33,0.678,7.2,1277.64,0,Frequent-regulars,Free shipping threshold reminder
C-00760,Victoria,organic,bronze,hydration,5,3,236.98,78.99,0.256,0.108,0,24,0.578,9.4,277.27,0,Emerging-shoppers,Second-purchase education sequence
C-00761,Queensland,paid-social,bronze,apparel,35,4,300.58,75.14,0.379,0.115,2,66,0.182,4.7,441.85,0,Lapsing-customers,Win-back offer with service recovery
C-00762,Western Australia,retail-store,none,apparel,30,6,473.5,78.92,0.358,0.177,3,174,0.347,6.7,672.37,1,Lapsing-customers,Win-back offer with service recovery
C-00763,Victoria,paid-social,none,hydration,9,5,347.68,69.54,0.329,0.13,1,21,0.774,7.1,420.69,0,Emerging-shoppers,Second-purchase education sequence
C-00764,Tasmania,retail-store,none,packs,2,5,355.61,71.12,0.238,0.051,0,17,0.48,7.1,405.4,0,Emerging-shoppers,Second-purchase education sequence
C-00765,Victoria,referral,bronze,accessories,24,6,425.86,70.98,0.264,0.198,2,110,0.251,6.1,579.17,1,Lapsing-customers,Win-back offer with service recovery
C-00766,Queensland,referral,bronze,footwear,34,10,798.63,79.86,0.291,0.118,2,25,0.421,8.5,1166,1,Frequent-regulars,Free shipping threshold reminder
C-00767,Western Australia,search,bronze,apparel,5,2,134.9,67.45,0.171,0.098,0,23,0.587,8.3,157.83,0,Emerging-shoppers,Second-purchase education sequence
C-00768,Western Australia,referral,gold,footwear,28,16,2229.31,139.33,0.155,0.048,2,23,0.672,8.8,3121.03,0,High-value-loyalists,Loyalty upgrade with category cross-sell
C-00769,Queensland,referral,none,accessories,5,4,280.73,70.18,0.095,0.058,1,14,0.604,7.8,328.45,0,Emerging-shoppers,Second-purchase education sequence
C-00770,South Australia,retail-store,none,accessories,12,3,261.06,87.02,0.235,0.039,0,14,0.553,7.7,323.71,0,Emerging-shoppers,Second-purchase education sequence
C-00771,Queensland,retail-store,silver,recovery,23,12,1021.96,85.16,0.178,0.094,1,43,0.616,7.6,1379.65,0,Frequent-regulars,Free shipping threshold reminder
C-00772,Western Australia,organic,silver,recovery,28,16,2114.36,132.15,0.073,0.05,0,15,0.594,8,2960.1,0,High-value-loyalists,Loyalty upgrade with category cross-sell
C-00773,Western Australia,search,none,footwear,20,6,483.11,80.52,0.254,0.155,2,113,0.194,5.6,637.71,0,Lapsing-customers,Win-back offer with service recovery
C-00774,Western Australia,retail-store,none,recovery,11,5,393.29,78.66,0.258,0.134,0,16,0.54,7,483.75,0,Emerging-shoppers,Second-purchase education sequence
C-00775,South Australia,retail-store,bronze,hydration,30,6,530.83,88.47,0.305,0.141,3,96,0.174,6.1,753.78,1,Lapsing-customers,Win-back offer with service recovery
C-00776,Victoria,search,bronze,footwear,34,7,468.4,66.91,0.238,0.172,2,134,0.335,5.4,683.86,1,Lapsing-customers,Win-back offer with service recovery
C-00777,Tasmania,organic,silver,apparel,14,5,320.13,64.03,0.304,0.207,4,173,0.02,5,403.36,1,Lapsing-customers,Win-back offer with service recovery
C-00778,Western Australia,referral,gold,recovery,32,30,4015.18,133.84,0.084,0.046,0,17,0.728,8.3,5781.86,0,High-value-loyalists,Loyalty upgrade with category cross-sell
C-00779,Victoria,organic,none,jackets,15,10,920.2,92.02,0.265,0.015,3,33,0.64,7.9,1168.65,0,Frequent-regulars,Free shipping threshold reminder
C-00780,Tasmania,search,silver,camp,42,30,5068.07,168.94,0.08,0,1,8,0.879,9.1,7804.83,0,VIP-loyalists,Early access and premium bundle
C-00781,Queensland,retail-store,none,footwear,19,10,738.16,73.82,0.219,0.05,0,36,0.597,7.5,966.99,0,Frequent-regulars,Free shipping threshold reminder
C-00782,Victoria,organic,none,accessories,38,6,512.29,85.38,0.338,0.173,1,109,0.294,5.2,768.43,1,Lapsing-customers,Win-back offer with service recovery
C-00783,Western Australia,referral,silver,camp,29,17,2339.31,137.61,0.191,0.092,1,20,0.864,8.6,3298.43,0,High-value-loyalists,Loyalty upgrade with category cross-sell
C-00784,Victoria,retail-store,silver,packs,24,14,1070.87,76.49,0.188,0.148,1,41,0.475,7.4,1456.38,0,Frequent-regulars,Free shipping threshold reminder
C-00785,New South Wales,retail-store,silver,footwear,16,19,2494.13,131.27,0.117,0.082,0,16,0.553,8.9,3192.49,0,High-value-loyalists,Loyalty upgrade with category cross-sell
C-00786,Western Australia,organic,silver,accessories,23,19,2573.71,135.46,0.131,0.105,1,24,0.718,8.9,3474.51,0,High-value-loyalists,Loyalty upgrade with category cross-sell
C-00787,Tasmania,search,none,hydration,23,13,1046,80.46,0.149,0.076,0,12,0.636,6.4,1412.1,0,Frequent-regulars,Free shipping threshold reminder
C-00788,South Australia,search,silver,jackets,24,18,2320.32,128.91,0.165,0.129,0,17,0.675,7.4,3155.64,0,High-value-loyalists,Loyalty upgrade with category cross-sell
C-00789,Tasmania,referral,silver,hydration,31,7,600.91,85.84,0.351,0.13,3,142,0.434,4.6,859.3,0,Lapsing-customers,Win-back offer with service recovery
C-00790,Western Australia,paid-social,bronze,apparel,13,12,946.8,78.9,0.084,0.129,3,40,0.502,7.7,1183.5,0,Frequent-regulars,Free shipping threshold reminder
C-00791,Tasmania,search,gold,camp,21,17,2156.82,126.87,0.12,0.116,0,10,0.697,7.6,2868.57,0,High-value-loyalists,Loyalty upgrade with category cross-sell
C-00792,Queensland,search,gold,packs,29,18,2428.65,134.93,0.188,0.068,2,20,0.663,9.2,3424.4,0,High-value-loyalists,Loyalty upgrade with category cross-sell
C-00793,Western Australia,search,gold,jackets,24,16,2156.08,134.75,0.172,0,0,19,0.85,7.7,2932.27,0,High-value-loyalists,Loyalty upgrade with category cross-sell
C-00794,South Australia,retail-store,none,accessories,23,9,789.33,87.7,0.216,0.088,1,28,0.585,6.4,1065.6,0,Frequent-regulars,Free shipping threshold reminder
C-00795,Western Australia,search,none,packs,26,13,1075.07,82.7,0.202,0.062,1,36,0.672,6.6,1483.6,0,Frequent-regulars,Free shipping threshold reminder
C-00796,New South Wales,organic,silver,hydration,24,16,1310.53,81.91,0.082,0.059,0,36,0.513,8,1782.32,0,Frequent-regulars,Free shipping threshold reminder
C-00797,New South Wales,paid-social,silver,camp,19,8,659.47,82.43,0.274,0.152,1,98,0.406,5.3,863.91,0,Lapsing-customers,Win-back offer with service recovery
C-00798,Queensland,paid-social,none,footwear,11,3,255.2,85.07,0.214,0.123,0,24,0.522,8.4,313.9,0,Emerging-shoppers,Second-purchase education sequence
C-00799,New South Wales,retail-store,silver,camp,29,10,810.02,81,0.191,0.052,3,26,0.487,8.4,1142.13,0,Frequent-regulars,Free shipping threshold reminder
C-00800,Queensland,search,silver,hydration,29,5,404.66,80.93,0.347,0.161,6,123,0.26,5.2,570.57,1,Lapsing-customers,Win-back offer with service recovery
C-00801,Western Australia,referral,none,jackets,4,6,415.72,69.29,0.25,0.105,0,20,0.503,8.4,482.24,0,Emerging-shoppers,Second-purchase education sequence
C-00802,Tasmania,referral,none,footwear,7,5,269.11,53.82,0.297,0.133,0,19,0.52,7.5,320.24,1,Emerging-shoppers,Second-purchase education sequence
C-00803,Victoria,paid-social,none,accessories,23,4,340.23,85.06,0.348,0.158,3,177,0.187,6.7,459.31,1,Lapsing-customers,Win-back offer with service recovery
C-00804,South Australia,organic,gold,camp,29,33,5685.27,172.28,0.019,0.104,0,6,0.81,9.6,8016.23,0,VIP-loyalists,Early access and premium bundle
C-00805,Queensland,search,none,jackets,2,3,231.95,77.32,0.33,0.005,0,27,0.66,8.7,264.42,0,Emerging-shoppers,Second-purchase education sequence
C-00806,Western Australia,retail-store,silver,packs,18,7,613.44,87.63,0.375,0.178,2,87,0.145,5,797.47,0,Lapsing-customers,Win-back offer with service recovery
C-00807,Tasmania,paid-social,none,recovery,9,4,272.11,68.03,0.263,0.059,1,28,0.521,7.3,329.25,0,Emerging-shoppers,Second-purchase education sequence
C-00808,Victoria,paid-social,silver,accessories,28,12,985.26,82.11,0.103,0.053,2,42,0.5,7.2,1379.36,0,Frequent-regulars,Free shipping threshold reminder
C-00809,South Australia,search,bronze,apparel,28,6,478.42,79.74,0.395,0.131,5,102,0.267,5.6,669.79,1,Lapsing-customers,Win-back offer with service recovery
C-00810,Western Australia,paid-social,silver,packs,19,10,1279.59,127.96,0.178,0.1,1,18,0.614,7.9,1676.26,0,High-value-loyalists,Loyalty upgrade with category cross-sell
C-00811,Queensland,retail-store,gold,recovery,24,20,2546.11,127.31,0.056,0,2,20,0.653,8.3,3462.71,0,High-value-loyalists,Loyalty upgrade with category cross-sell
C-00812,Queensland,paid-social,silver,apparel,23,11,955.11,86.83,0.237,0.047,1,32,0.571,7.7,1289.4,0,Frequent-regulars,Free shipping threshold reminder
C-00813,Tasmania,organic,none,jackets,15,12,997.34,83.11,0.13,0.085,0,38,0.495,8.7,1266.62,0,Frequent-regulars,Free shipping threshold reminder
C-00814,Western Australia,referral,silver,jackets,27,16,1244.2,77.76,0.143,0.128,0,24,0.541,6.6,1729.44,0,Frequent-regulars,Free shipping threshold reminder
C-00815,Queensland,search,gold,footwear,39,37,6191.71,167.34,0.059,0.001,0,11,0.762,8.8,9349.48,0,VIP-loyalists,Early access and premium bundle
C-00816,Western Australia,search,none,hydration,15,15,1227.18,81.81,0.141,0.057,1,39,0.615,7.7,1558.52,0,Frequent-regulars,Free shipping threshold reminder
C-00817,South Australia,search,none,footwear,29,4,306.2,76.55,0.309,0.143,2,98,0.39,6.1,431.74,0,Lapsing-customers,Win-back offer with service recovery
C-00818,Tasmania,retail-store,silver,hydration,37,7,455.15,65.02,0.456,0.139,2,108,0.02,5.1,678.17,1,Lapsing-customers,Win-back offer with service recovery
C-00819,Victoria,referral,silver,packs,22,5,426.44,85.29,0.287,0.203,4,151,0.167,4.7,571.43,1,Lapsing-customers,Win-back offer with service recovery
C-00820,Queensland,organic,bronze,camp,6,4,227.66,56.91,0.248,0.091,3,26,0.749,7.6,268.64,0,Emerging-shoppers,Second-purchase education sequence
C-00821,Western Australia,paid-social,gold,camp,30,21,2945.38,140.26,0.052,0.044,0,21,0.62,8.1,4182.44,0,High-value-loyalists,Loyalty upgrade with category cross-sell
C-00822,South Australia,search,none,jackets,19,10,739.97,74,0.087,0.066,0,29,0.738,7.7,969.36,0,Frequent-regulars,Free shipping threshold reminder
C-00823,New South Wales,paid-social,none,hydration,4,2,164.35,82.18,0.295,0.169,0,21,0.667,9,190.65,0,Emerging-shoppers,Second-purchase education sequence
C-00824,Western Australia,paid-social,silver,recovery,39,38,6318.02,166.26,0.072,0.004,1,2,0.685,9.6,9540.21,0,VIP-loyalists,Early access and premium bundle
C-00825,Western Australia,referral,silver,packs,30,12,1004.8,83.73,0.229,0.064,1,24,0.68,6.5,1426.82,0,Frequent-regulars,Free shipping threshold reminder
C-00826,Tasmania,referral,none,recovery,19,11,921.35,83.76,0.13,0.081,0,32,0.572,8.4,1206.97,0,Frequent-regulars,Free shipping threshold reminder
C-00827,Western Australia,referral,bronze,footwear,25,6,513.77,85.63,0.257,0.133,3,126,0.249,5.9,703.86,1,Lapsing-customers,Win-back offer with service recovery
C-00828,New South Wales,organic,silver,jackets,2,4,288.81,72.2,0.295,0.053,0,23,0.61,8.5,329.24,0,Emerging-shoppers,Second-purchase education sequence
C-00829,Victoria,retail-store,silver,jackets,33,13,1115.75,85.83,0.075,0.074,4,27,0.541,8.4,1617.84,0,Frequent-regulars,Free shipping threshold reminder
C-00830,South Australia,retail-store,silver,camp,11,5,356.12,71.22,0.153,0.07,3,18,0.504,7.8,438.03,1,Emerging-shoppers,Second-purchase education sequence
C-00831,Western Australia,organic,silver,footwear,16,13,1136.56,87.43,0.305,0.076,2,15,0.572,8.1,1454.8,1,Frequent-regulars,Free shipping threshold reminder
C-00832,Queensland,organic,silver,packs,33,28,4519.86,161.42,0.036,0.008,1,10,0.87,9.3,6553.8,0,VIP-loyalists,Early access and premium bundle
C-00833,Western Australia,referral,silver,packs,28,8,622.81,77.85,0.357,0.188,3,91,0.213,5.2,871.93,1,Lapsing-customers,Win-back offer with service recovery
C-00834,Queensland,search,silver,camp,20,13,1060.98,81.61,0.101,0.078,1,34,0.688,7.1,1400.49,1,Frequent-regulars,Free shipping threshold reminder
C-00835,Queensland,referral,silver,hydration,14,4,236.61,59.15,0.311,0.039,2,14,0.572,7.7,298.13,0,Emerging-shoppers,Second-purchase education sequence
C-00836,Queensland,search,none,recovery,32,3,243.97,81.32,0.269,0.12,3,141,0.327,5.8,351.32,0,Lapsing-customers,Win-back offer with service recovery
C-00837,Victoria,referral,none,recovery,26,4,271.31,67.83,0.312,0.141,3,141,0.265,4.3,374.41,1,Lapsing-customers,Win-back offer with service recovery
C-00838,Queensland,search,none,accessories,8,4,281.95,70.49,0.203,0.025,1,18,0.736,7.7,338.34,1,Emerging-shoppers,Second-purchase education sequence
C-00839,Victoria,search,none,accessories,19,7,555.36,79.34,0.309,0.179,3,137,0.279,6.2,727.52,1,Lapsing-customers,Win-back offer with service recovery
C-00840,New South Wales,organic,gold,hydration,31,24,3811.67,158.82,0.129,0,0,8,0.904,9.5,5450.69,0,VIP-loyalists,Early access and premium bundle
C-00841,New South Wales,search,silver,jackets,20,6,467.27,77.88,0.412,0.154,2,138,0.18,6.2,616.8,1,Lapsing-customers,Win-back offer with service recovery
C-00842,Western Australia,search,gold,jackets,42,17,2913.4,171.38,0.046,0.11,0,1,0.714,8.2,4486.64,0,VIP-loyalists,Early access and premium bundle
C-00843,Victoria,organic,silver,apparel,25,6,457.89,76.31,0.32,0.187,2,121,0.064,5.7,627.31,1,Lapsing-customers,Win-back offer with service recovery
C-00844,Queensland,paid-social,none,accessories,3,3,212.27,70.76,0.25,0.074,1,15,0.549,7.5,244.11,0,Emerging-shoppers,Second-purchase education sequence
C-00845,Victoria,organic,none,footwear,29,16,1376.7,86.04,0.093,0.15,1,34,0.444,8.2,1941.15,0,Frequent-regulars,Free shipping threshold reminder
C-00846,South Australia,referral,gold,camp,20,14,1819.05,129.93,0.177,0.095,0,22,0.822,8.4,2401.15,1,High-value-loyalists,Loyalty upgrade with category cross-sell
C-00847,South Australia,search,bronze,footwear,26,5,321.22,64.24,0.326,0.14,2,94,0.068,5.6,443.28,0,Lapsing-customers,Win-back offer with service recovery
C-00848,Western Australia,organic,gold,recovery,19,15,1919.04,127.94,0,0.057,2,16,0.791,8.6,2513.94,0,High-value-loyalists,Loyalty upgrade with category cross-sell
C-00849,Tasmania,retail-store,bronze,apparel,13,6,447.14,74.52,0.352,0.195,3,140,0.292,5,558.92,1,Lapsing-customers,Win-back offer with service recovery
C-00850,South Australia,retail-store,silver,camp,37,18,2340.01,130,0.148,0.071,1,15,0.611,8.8,3486.61,0,High-value-loyalists,Loyalty upgrade with category cross-sell
C-00851,Victoria,retail-store,silver,packs,26,12,1481.12,123.43,0.155,0,2,21,0.548,6.6,2043.95,0,High-value-loyalists,Loyalty upgrade with category cross-sell
C-00852,Tasmania,paid-social,gold,apparel,41,23,3602.31,156.62,0,0.034,2,11,0.688,8.3,5511.53,0,VIP-loyalists,Early access and premium bundle
C-00853,Tasmania,paid-social,silver,jackets,32,18,2377.18,132.07,0.114,0.073,0,18,0.824,8.1,3423.14,0,High-value-loyalists,Loyalty upgrade with category cross-sell
C-00854,Queensland,search,silver,jackets,29,21,2735.7,130.27,0.133,0.046,1,17,0.733,8,3857.34,0,High-value-loyalists,Loyalty upgrade with category cross-sell
C-00855,New South Wales,referral,gold,footwear,37,13,1840.91,141.61,0.163,0.044,1,13,0.738,8.1,2742.96,1,High-value-loyalists,Loyalty upgrade with category cross-sell
C-00856,South Australia,organic,none,recovery,10,3,173.23,57.74,0.349,0.073,1,23,0.734,7.6,211.34,0,Emerging-shoppers,Second-purchase education sequence
C-00857,Queensland,referral,none,accessories,29,10,827.71,82.77,0.199,0.092,2,32,0.542,8.6,1167.07,0,Frequent-regulars,Free shipping threshold reminder
C-00858,Victoria,search,bronze,packs,20,18,1461.37,81.19,0.278,0.026,1,22,0.787,8,1929.01,0,Frequent-regulars,Free shipping threshold reminder
C-00859,Victoria,paid-social,silver,jackets,7,4,324.51,81.13,0.222,0.093,2,18,0.71,8.7,386.17,0,Emerging-shoppers,Second-purchase education sequence
C-00860,South Australia,organic,bronze,jackets,14,3,213.43,71.14,0.167,0.069,0,27,0.679,7.8,268.92,0,Emerging-shoppers,Second-purchase education sequence
C-00861,Victoria,search,silver,packs,31,11,852.58,77.51,0.289,0.149,3,112,0.139,5.7,1219.19,1,Lapsing-customers,Win-back offer with service recovery
C-00862,Tasmania,search,none,apparel,24,7,510.42,72.92,0.257,0.169,0,81,0.239,6.6,694.17,0,Lapsing-customers,Win-back offer with service recovery
C-00863,Victoria,referral,none,apparel,15,12,884.62,73.72,0.137,0.079,0,22,0.527,8,1123.47,0,Frequent-regulars,Free shipping threshold reminder
C-00864,Tasmania,organic,gold,apparel,38,17,2343.91,137.88,0.098,0.086,1,12,0.759,8.9,3515.87,0,High-value-loyalists,Loyalty upgrade with category cross-sell
C-00865,Western Australia,search,bronze,camp,33,10,792.16,79.22,0.23,0.053,1,39,0.5,7.6,1148.63,0,Frequent-regulars,Free shipping threshold reminder
C-00866,New South Wales,search,silver,accessories,40,16,1975.03,123.44,0.188,0.082,1,19,0.762,8.7,3002.05,0,High-value-loyalists,Loyalty upgrade with category cross-sell
C-00867,New South Wales,paid-social,none,jackets,9,4,268.68,67.17,0.257,0.069,1,18,0.524,7.4,325.1,0,Emerging-shoppers,Second-purchase education sequence
C-00868,New South Wales,retail-store,silver,packs,6,3,232.75,77.58,0.256,0.078,2,21,0.712,8.5,274.65,1,Emerging-shoppers,Second-purchase education sequence
C-00869,Western Australia,organic,silver,apparel,32,23,2599.91,113.04,0.122,0.063,2,21,0.729,9.1,3743.87,0,High-value-loyalists,Loyalty upgrade with category cross-sell
C-00870,Western Australia,referral,bronze,recovery,25,8,681.6,85.2,0.185,0.011,0,41,0.422,7.7,933.79,0,Frequent-regulars,Free shipping threshold reminder
C-00871,Queensland,paid-social,bronze,camp,6,3,208.32,69.44,0.263,0.135,4,15,0.909,7.5,245.82,0,Emerging-shoppers,Second-purchase education sequence
C-00872,Tasmania,retail-store,none,camp,24,14,1231.77,87.98,0.1,0.134,0,32,0.494,7.8,1675.21,0,Frequent-regulars,Free shipping threshold reminder
C-00873,Queensland,retail-store,none,jackets,24,5,415.67,83.13,0.367,0.185,2,140,0.205,6.7,565.31,0,Lapsing-customers,Win-back offer with service recovery
C-00874,South Australia,paid-social,none,packs,20,6,413.53,68.92,0.333,0.149,1,123,0.309,4.9,545.86,1,Lapsing-customers,Win-back offer with service recovery
C-00875,South Australia,paid-social,none,hydration,19,10,952.35,95.23,0.246,0.043,2,31,0.549,7,1247.58,0,Frequent-regulars,Free shipping threshold reminder
C-00876,New South Wales,referral,silver,footwear,38,31,4710.42,151.95,0.055,0.022,0,10,0.98,10,7065.63,0,VIP-loyalists,Early access and premium bundle
C-00877,South Australia,search,none,apparel,2,5,338.17,67.63,0.313,0.109,3,16,0.54,6.6,385.51,1,Emerging-shoppers,Second-purchase education sequence
C-00878,Western Australia,paid-social,silver,packs,20,10,826.52,82.65,0.222,0.074,1,30,0.785,8,1091.01,0,Frequent-regulars,Free shipping threshold reminder
C-00879,Western Australia,paid-social,gold,camp,25,33,5261.74,159.45,0,0.102,1,8,0.814,8.9,7208.58,0,VIP-loyalists,Early access and premium bundle
C-00880,New South Wales,referral,bronze,recovery,16,14,1245.5,88.96,0.193,0.065,1,28,0.563,7.3,1594.24,0,Frequent-regulars,Free shipping threshold reminder
C-00881,Victoria,paid-social,bronze,packs,15,4,242.43,60.61,0.3,0.092,0,23,0.742,6.7,307.89,0,Emerging-shoppers,Second-purchase education sequence
C-00882,New South Wales,paid-social,silver,jackets,25,15,1182.28,78.82,0.182,0.059,2,19,0.502,8.1,1619.72,0,Frequent-regulars,Free shipping threshold reminder
C-00883,South Australia,paid-social,gold,jackets,44,22,3758.22,170.83,0.137,0.096,0,12,0.882,9.2,5862.82,0,VIP-loyalists,Early access and premium bundle
C-00884,Queensland,referral,bronze,accessories,18,10,828.44,82.84,0.223,0.073,0,42,0.663,6.9,1076.97,0,Frequent-regulars,Free shipping threshold reminder
C-00885,Western Australia,referral,bronze,camp,7,3,220.29,73.43,0.245,0.149,3,16,0.591,6.7,262.15,1,Emerging-shoppers,Second-purchase education sequence
C-00886,Queensland,retail-store,gold,recovery,29,17,2294.74,134.98,0.137,0.067,1,20,0.723,7.3,3235.58,0,High-value-loyalists,Loyalty upgrade with category cross-sell
C-00887,South Australia,referral,none,apparel,29,5,429.24,85.85,0.305,0.195,4,103,0.249,6,605.23,1,Lapsing-customers,Win-back offer with service recovery
C-00888,South Australia,search,bronze,hydration,17,4,289.9,72.47,0.191,0.117,0,19,0.66,7.4,373.97,0,Emerging-shoppers,Second-purchase education sequence
C-00889,Queensland,retail-store,none,footwear,20,9,628.31,69.81,0.312,0.144,2,134,0.337,6.7,829.37,1,Lapsing-customers,Win-back offer with service recovery
C-00890,Queensland,organic,gold,footwear,48,24,4149.59,172.9,0.125,0.084,1,9,0.818,9.1,6639.34,0,VIP-loyalists,Early access and premium bundle
C-00891,Queensland,paid-social,none,recovery,26,5,359.25,71.85,0.219,0.188,1,144,0.447,5.7,495.77,1,Lapsing-customers,Win-back offer with service recovery
C-00892,Queensland,search,bronze,apparel,10,4,315.97,78.99,0.201,0.074,2,26,0.696,8.4,385.48,0,Emerging-shoppers,Second-purchase education sequence
C-00893,New South Wales,retail-store,silver,recovery,23,7,569.75,81.39,0.224,0.115,3,186,0.075,5.6,769.16,1,Lapsing-customers,Win-back offer with service recovery
C-00894,Western Australia,referral,none,jackets,6,5,388.14,77.63,0.29,0.079,1,24,0.505,7.4,458.01,0,Emerging-shoppers,Second-purchase education sequence
C-00895,South Australia,retail-store,none,jackets,2,3,196.16,65.39,0.23,0.042,1,22,0.701,7.3,223.62,0,Emerging-shoppers,Second-purchase education sequence
C-00896,Tasmania,paid-social,none,hydration,26,17,1499.65,88.21,0.139,0.114,1,43,0.346,7.1,2069.52,0,Frequent-regulars,Free shipping threshold reminder
C-00897,Tasmania,paid-social,gold,footwear,17,22,2997.6,136.25,0.228,0.067,1,17,0.85,8.2,3866.9,0,High-value-loyalists,Loyalty upgrade with category cross-sell
C-00898,South Australia,retail-store,silver,camp,28,17,2306.43,135.67,0.125,0.034,1,22,0.688,8,3229,0,High-value-loyalists,Loyalty upgrade with category cross-sell
C-00899,Western Australia,organic,none,camp,3,5,318.96,63.79,0.251,0.095,0,19,0.686,8.2,366.8,0,Emerging-shoppers,Second-purchase education sequence
C-00900,New South Wales,search,silver,jackets,14,5,395.83,79.17,0.172,0.03,0,23,0.419,7.2,498.75,0,Emerging-shoppers,Second-purchase education sequence
C-00901,Victoria,organic,bronze,accessories,24,14,1102.11,78.72,0.206,0.075,0,35,0.602,8.6,1498.87,1,Frequent-regulars,Free shipping threshold reminder
C-00902,New South Wales,organic,gold,apparel,31,25,4405.25,176.21,0.166,0.099,0,14,0.816,9.3,6299.51,0,VIP-loyalists,Early access and premium bundle
C-00903,Western Australia,organic,gold,recovery,29,36,6222.8,172.86,0.116,0.069,2,6,0.824,9.1,8774.15,0,VIP-loyalists,Early access and premium bundle
C-00904,South Australia,paid-social,bronze,jackets,19,13,1022.12,78.62,0.14,0.134,1,31,0.439,8.7,1338.98,0,Frequent-regulars,Free shipping threshold reminder
C-00905,Tasmania,search,silver,packs,24,25,3339.41,133.58,0.067,0.064,1,6,0.768,7.4,4541.6,0,High-value-loyalists,Loyalty upgrade with category cross-sell
C-00906,New South Wales,search,silver,packs,13,5,354.07,70.81,0.19,0.091,1,20,0.752,8.4,442.59,0,Emerging-shoppers,Second-purchase education sequence
C-00907,Tasmania,organic,silver,recovery,28,6,394.37,65.73,0.412,0.14,2,157,0.211,5.8,552.12,1,Lapsing-customers,Win-back offer with service recovery
C-00908,Tasmania,organic,bronze,footwear,26,9,736.02,81.78,0.202,0.036,2,29,0.646,7.6,1015.71,0,Frequent-regulars,Free shipping threshold reminder
C-00909,Western Australia,retail-store,silver,footwear,38,16,2067.72,129.23,0.161,0.077,2,25,0.675,7.3,3101.58,1,High-value-loyalists,Loyalty upgrade with category cross-sell
C-00910,Victoria,retail-store,silver,recovery,30,17,2436.9,143.35,0.185,0.093,2,18,0.8,8.8,3460.4,0,High-value-loyalists,Loyalty upgrade with category cross-sell
C-00911,Western Australia,organic,silver,footwear,31,34,5803.59,170.69,0.074,0.085,2,5,0.895,9.3,8299.13,0,VIP-loyalists,Early access and premium bundle
C-00912,Victoria,paid-social,none,accessories,22,13,1141.82,87.83,0.149,0.095,2,29,0.53,8.4,1530.04,1,Frequent-regulars,Free shipping threshold reminder
C-00913,New South Wales,organic,gold,apparel,33,22,2594.85,117.95,0.065,0.095,1,18,0.69,7.9,3762.53,0,High-value-loyalists,Loyalty upgrade with category cross-sell
C-00914,South Australia,referral,none,apparel,24,6,438.63,73.11,0.304,0.14,2,170,0.221,6.5,596.54,1,Lapsing-customers,Win-back offer with service recovery
C-00915,New South Wales,referral,bronze,jackets,32,9,629.06,69.9,0.323,0.2,3,158,0.08,6.2,905.85,1,Lapsing-customers,Win-back offer with service recovery
C-00916,New South Wales,organic,gold,accessories,31,20,3047.14,152.36,0.108,0.02,0,1,0.926,8.9,4357.41,0,VIP-loyalists,Early access and premium bundle
C-00917,Queensland,organic,silver,jackets,26,18,2395.01,133.06,0.14,0.085,1,17,0.855,8.3,3305.11,0,High-value-loyalists,Loyalty upgrade with category cross-sell
C-00918,Queensland,referral,none,apparel,9,5,296.48,59.3,0.237,0.112,1,21,0.717,6.9,358.74,0,Emerging-shoppers,Second-purchase education sequence
C-00919,Tasmania,search,silver,apparel,26,12,972.47,81.04,0.218,0.03,0,31,0.315,8,1342.01,0,Frequent-regulars,Free shipping threshold reminder
C-00920,Tasmania,organic,none,camp,32,4,273.6,68.4,0.273,0.185,3,118,0.267,5.7,393.98,1,Lapsing-customers,Win-back offer with service recovery
C-00921,South Australia,paid-social,gold,recovery,30,32,5140.48,160.64,0.149,0.01,0,7,0.794,9.3,7299.48,0,VIP-loyalists,Early access and premium bundle
C-00922,Western Australia,retail-store,silver,hydration,20,11,1496,136,0.141,0.062,0,25,0.691,8.4,1974.72,0,High-value-loyalists,Loyalty upgrade with category cross-sell
C-00923,Victoria,paid-social,bronze,hydration,27,5,324.84,64.97,0.327,0.132,4,146,0.26,6.4,451.53,0,Lapsing-customers,Win-back offer with service recovery
C-00924,Victoria,organic,silver,jackets,38,15,2018.84,134.59,0.082,0.083,2,19,0.678,8.3,3028.26,0,High-value-loyalists,Loyalty upgrade with category cross-sell
C-00925,New South Wales,referral,bronze,footwear,27,5,374.36,74.87,0.264,0.166,1,148,0.242,6.3,520.36,1,Lapsing-customers,Win-back offer with service recovery
C-00926,Queensland,organic,silver,hydration,26,17,2230.1,131.18,0.116,0.038,1,15,0.519,7.3,3077.54,0,High-value-loyalists,Loyalty upgrade with category cross-sell
C-00927,Victoria,retail-store,silver,apparel,2,5,352.25,70.45,0.237,0.065,0,19,0.717,7.5,401.57,0,Emerging-shoppers,Second-purchase education sequence
C-00928,Queensland,retail-store,none,packs,16,13,1089.75,83.83,0.147,0.052,0,32,0.601,8.7,1394.88,0,Frequent-regulars,Free shipping threshold reminder
C-00929,Queensland,referral,bronze,recovery,24,13,1135.57,87.35,0.211,0.026,2,30,0.447,7.2,1544.38,1,Frequent-regulars,Free shipping threshold reminder
C-00930,New South Wales,paid-social,none,hydration,22,13,1045.57,80.43,0.129,0.093,2,25,0.713,8.2,1401.06,0,Frequent-regulars,Free shipping threshold reminder
C-00931,Victoria,organic,none,jackets,19,11,892.62,81.15,0.258,0.066,2,37,0.485,8.2,1169.33,1,Frequent-regulars,Free shipping threshold reminder
C-00932,Victoria,retail-store,bronze,hydration,21,16,1427.01,89.19,0.171,0.061,1,28,0.533,6.8,1897.92,0,Frequent-regulars,Free shipping threshold reminder
C-00933,South Australia,retail-store,none,camp,7,2,138.93,69.47,0.211,0.128,1,18,0.642,8,165.33,0,Emerging-shoppers,Second-purchase education sequence
C-00934,Tasmania,paid-social,gold,hydration,42,29,4950.96,170.72,0.142,0.001,0,4,0.736,9.2,7624.48,0,VIP-loyalists,Early access and premium bundle
C-00935,South Australia,retail-store,bronze,packs,21,5,393.98,78.8,0.391,0.137,1,79,0.196,6.3,523.99,1,Lapsing-customers,Win-back offer with service recovery
C-00936,Western Australia,retail-store,none,recovery,29,8,659.36,82.42,0.225,0.097,3,108,0.213,5.5,929.7,0,Lapsing-customers,Win-back offer with service recovery
C-00937,South Australia,referral,silver,camp,16,12,1105.32,92.11,0.208,0.065,1,36,0.719,8.9,1414.81,0,Frequent-regulars,Free shipping threshold reminder
C-00938,Western Australia,search,silver,hydration,2,2,85.83,42.92,0.241,0.07,2,23,0.733,8,97.85,0,Emerging-shoppers,Second-purchase education sequence
C-00939,South Australia,search,none,recovery,2,8,573.92,71.74,0.312,0.107,1,27,0.773,6.8,654.27,0,Emerging-shoppers,Second-purchase education sequence
C-00940,South Australia,paid-social,silver,camp,29,8,647.04,80.88,0.325,0.112,2,103,0.162,6.9,912.33,1,Lapsing-customers,Win-back offer with service recovery
C-00941,Victoria,retail-store,silver,hydration,32,18,2310.22,128.35,0.083,0.107,0,18,0.678,7,3326.72,0,High-value-loyalists,Loyalty upgrade with category cross-sell
C-00942,Western Australia,paid-social,none,accessories,17,12,992.28,82.69,0.258,0.078,1,29,0.602,9.7,1280.04,0,Frequent-regulars,Free shipping threshold reminder
C-00943,Queensland,organic,gold,apparel,33,17,2179.78,128.22,0.168,0.071,1,14,0.618,9.1,3160.68,1,High-value-loyalists,Loyalty upgrade with category cross-sell
C-00944,Tasmania,paid-social,none,recovery,4,5,336.71,67.34,0.21,0.034,2,29,0.648,7.8,390.58,0,Emerging-shoppers,Second-purchase education sequence
C-00945,Western Australia,search,silver,packs,35,6,495.6,82.6,0.333,0.172,2,103,0.212,5.4,728.53,1,Lapsing-customers,Win-back offer with service recovery
C-00946,Tasmania,organic,silver,jackets,39,14,1137.05,81.22,0.104,0.05,0,27,0.634,7.7,1716.95,0,Frequent-regulars,Free shipping threshold reminder
C-00947,New South Wales,retail-store,bronze,packs,17,5,375.75,75.15,0.282,0.215,2,141,0.106,7.3,484.72,1,Lapsing-customers,Win-back offer with service recovery
C-00948,New South Wales,retail-store,none,packs,10,3,272.7,90.9,0.258,0.12,1,29,0.632,7.6,332.69,0,Emerging-shoppers,Second-purchase education sequence
C-00949,South Australia,referral,bronze,footwear,15,14,1158.21,82.73,0.192,0.071,1,32,0.555,7.2,1470.93,0,Frequent-regulars,Free shipping threshold reminder
C-00950,New South Wales,search,bronze,packs,10,3,244.3,81.43,0.267,0.096,2,16,0.694,9.2,298.05,1,Emerging-shoppers,Second-purchase education sequence
C-00951,South Australia,retail-store,bronze,apparel,2,4,335.95,83.99,0.236,0.115,1,19,0.785,7.1,382.98,0,Emerging-shoppers,Second-purchase education sequence
C-00952,Victoria,search,gold,packs,30,16,1833.81,114.61,0.111,0.019,2,17,0.703,9.1,2604.01,0,High-value-loyalists,Loyalty upgrade with category cross-sell
C-00953,New South Wales,paid-social,none,jackets,23,11,1003.11,91.19,0.15,0.133,1,34,0.554,7.9,1354.2,0,Frequent-regulars,Free shipping threshold reminder
C-00954,Victoria,organic,silver,recovery,35,20,2700.52,135.03,0.178,0.124,3,19,0.686,7.5,3969.76,0,High-value-loyalists,Loyalty upgrade with category cross-sell
C-00955,New South Wales,organic,silver,camp,31,22,3099.27,140.88,0.078,0.053,0,13,0.818,9,4431.96,0,High-value-loyalists,Loyalty upgrade with category cross-sell
C-00956,South Australia,organic,bronze,footwear,2,3,229.75,76.58,0.359,0.07,1,18,0.836,7.1,261.92,0,Emerging-shoppers,Second-purchase education sequence
C-00957,Tasmania,search,silver,recovery,25,14,1534,109.57,0.185,0.059,0,20,0.832,7.1,2101.58,0,High-value-loyalists,Loyalty upgrade with category cross-sell
C-00958,Tasmania,search,none,camp,29,5,432.43,86.49,0.362,0.121,2,178,0.12,6.2,609.73,1,Lapsing-customers,Win-back offer with service recovery
C-00959,Tasmania,paid-social,silver,recovery,26,16,2070.66,129.42,0.047,0.08,1,19,0.726,8.3,2857.51,0,High-value-loyalists,Loyalty upgrade with category cross-sell
C-00960,Victoria,search,gold,jackets,19,17,2359.33,138.78,0.116,0.037,1,17,0.493,8,3090.72,0,High-value-loyalists,Loyalty upgrade with category cross-sell
C-00961,South Australia,search,silver,footwear,7,1,77.36,77.36,0.239,0.114,1,14,0.485,7.5,92.06,1,Emerging-shoppers,Second-purchase education sequence
C-00962,Western Australia,organic,bronze,jackets,12,5,431.41,86.28,0.186,0.097,0,20,0.644,8.1,534.95,0,Emerging-shoppers,Second-purchase education sequence
C-00963,Victoria,paid-social,silver,accessories,24,25,4419.7,176.79,0.106,0.054,1,10,0.877,10,6010.79,0,VIP-loyalists,Early access and premium bundle
C-00964,South Australia,paid-social,none,recovery,2,3,246.44,82.15,0.317,0.118,4,15,0.872,7.4,280.94,0,Emerging-shoppers,Second-purchase education sequence
C-00965,Victoria,search,silver,accessories,2,5,391.73,78.35,0.16,0.096,0,24,0.719,7.1,446.57,0,Emerging-shoppers,Second-purchase education sequence
C-00966,Victoria,organic,bronze,camp,12,6,416.16,69.36,0.238,0.146,2,126,0.335,5.5,516.04,0,Lapsing-customers,Win-back offer with service recovery
C-00967,Western Australia,paid-social,silver,accessories,4,4,337.44,84.36,0.217,0.07,0,18,0.661,8.9,391.43,0,Emerging-shoppers,Second-purchase education sequence
C-00968,South Australia,referral,silver,apparel,36,22,2844.51,129.3,0.129,0.093,2,28,0.788,7,4209.87,0,High-value-loyalists,Loyalty upgrade with category cross-sell
C-00969,Queensland,organic,bronze,packs,15,14,1290.53,92.18,0.132,0.185,2,35,0.574,8.1,1638.97,0,Frequent-regulars,Free shipping threshold reminder
C-00970,New South Wales,organic,silver,jackets,19,11,878.57,79.87,0.173,0.095,1,40,0.728,7.2,1150.93,1,Frequent-regulars,Free shipping threshold reminder
C-00971,Western Australia,paid-social,none,footwear,5,6,420.52,70.09,0.175,0.112,1,26,0.861,8.9,492.01,0,Emerging-shoppers,Second-purchase education sequence
C-00972,New South Wales,search,silver,hydration,4,4,308.6,77.15,0.245,0.129,1,19,0.728,6.5,357.98,0,Emerging-shoppers,Second-purchase education sequence
C-00973,Tasmania,organic,bronze,apparel,19,11,942.88,85.72,0.161,0.01,1,39,0.535,7.7,1235.17,1,Frequent-regulars,Free shipping threshold reminder
C-00974,South Australia,paid-social,none,packs,27,13,1110.21,85.4,0.271,0.081,0,38,0.536,7.1,1543.19,0,Frequent-regulars,Free shipping threshold reminder
C-00975,Victoria,retail-store,silver,apparel,19,12,924.2,77.02,0.173,0.098,0,25,0.552,6.8,1210.7,0,Frequent-regulars,Free shipping threshold reminder
C-00976,New South Wales,search,silver,camp,40,25,3815.24,152.61,0.064,0.035,1,12,0.865,8.8,5799.16,0,VIP-loyalists,Early access and premium bundle
C-00977,South Australia,search,none,packs,21,5,379.9,75.98,0.329,0.206,2,155,0.232,6.4,505.27,0,Lapsing-customers,Win-back offer with service recovery
C-00978,Victoria,search,silver,hydration,28,13,1720.45,132.34,0.118,0.089,1,17,0.848,8.3,2408.63,0,High-value-loyalists,Loyalty upgrade with category cross-sell
C-00979,Western Australia,referral,bronze,recovery,16,12,1038.26,86.52,0.24,0.073,3,37,0.674,8,1328.97,0,Frequent-regulars,Free shipping threshold reminder
C-00980,Western Australia,retail-store,gold,accessories,39,26,4192.34,161.24,0.108,0.036,0,12,0.948,10,6330.43,0,VIP-loyalists,Early access and premium bundle
C-00981,Victoria,referral,silver,camp,40,23,2950.81,128.3,0.099,0.067,1,14,0.754,8.7,4485.23,0,High-value-loyalists,Loyalty upgrade with category cross-sell
C-00982,South Australia,organic,silver,recovery,30,18,2446.84,135.94,0.057,0.127,0,16,0.622,8.7,3474.51,0,High-value-loyalists,Loyalty upgrade with category cross-sell
C-00983,Queensland,referral,none,hydration,26,13,1091.87,83.99,0.135,0.068,2,30,0.596,7.3,1506.78,0,Frequent-regulars,Free shipping threshold reminder
C-00984,Queensland,organic,gold,jackets,21,19,2682.71,141.2,0.126,0.021,2,19,0.775,8.9,3568,0,High-value-loyalists,Loyalty upgrade with category cross-sell
C-00985,Western Australia,search,silver,jackets,22,6,467.86,77.98,0.339,0.157,4,90,0.113,6.1,626.93,1,Lapsing-customers,Win-back offer with service recovery
C-00986,Victoria,paid-social,none,apparel,27,15,1288.85,85.92,0.192,0.076,2,39,0.541,8.3,1791.5,0,Frequent-regulars,Free shipping threshold reminder
C-00987,South Australia,search,bronze,jackets,32,10,790.06,79.01,0.221,0.154,1,110,0.183,5.4,1137.69,1,Lapsing-customers,Win-back offer with service recovery
C-00988,Western Australia,paid-social,bronze,hydration,4,3,208.06,69.35,0.368,0.091,0,25,0.723,7,241.35,1,Emerging-shoppers,Second-purchase education sequence
C-00989,Queensland,retail-store,none,camp,32,6,415.95,69.33,0.331,0.237,2,107,0.02,5.8,598.97,1,Lapsing-customers,Win-back offer with service recovery
C-00990,Victoria,referral,silver,packs,18,8,495.4,61.93,0.353,0.169,2,114,0.382,6.6,644.02,1,Lapsing-customers,Win-back offer with service recovery
C-00991,Tasmania,referral,silver,recovery,2,1,56.42,56.42,0.183,0.109,1,23,0.56,7.3,64.32,0,Emerging-shoppers,Second-purchase education sequence
C-00992,Western Australia,search,none,accessories,11,13,1070.39,82.34,0.143,0.079,1,31,0.76,7.7,1316.58,1,Frequent-regulars,Free shipping threshold reminder
C-00993,New South Wales,referral,bronze,apparel,16,10,781.94,78.19,0.21,0.07,0,38,0.692,8.6,1000.88,0,Frequent-regulars,Free shipping threshold reminder
C-00994,Queensland,referral,gold,footwear,33,19,2351.86,123.78,0.124,0.082,0,19,0.654,8.2,3410.2,0,High-value-loyalists,Loyalty upgrade with category cross-sell
C-00995,Queensland,referral,none,camp,23,6,478.59,79.77,0.301,0.183,2,93,0.176,5.9,646.1,1,Lapsing-customers,Win-back offer with service recovery
C-00996,Victoria,search,bronze,camp,20,7,562.38,80.34,0.314,0.159,3,124,0.264,7.7,742.34,1,Lapsing-customers,Win-back offer with service recovery
C-00997,Victoria,paid-social,gold,accessories,34,25,4076.83,163.07,0.057,0.036,1,13,0.72,10,5952.17,0,VIP-loyalists,Early access and premium bundle
C-00998,South Australia,referral,bronze,recovery,8,6,490.81,81.8,0.252,0.097,0,20,0.609,7.7,588.97,0,Emerging-shoppers,Second-purchase education sequence
C-00999,Queensland,retail-store,bronze,camp,23,6,411.29,68.55,0.409,0.167,3,119,0.24,5.8,555.24,1,Lapsing-customers,Win-back offer with service recovery
C-01000,Tasmania,referral,none,camp,12,12,1045.54,87.13,0.202,0,2,27,0.625,6.6,1296.47,1,Frequent-regulars,Free shipping threshold reminder
C-01001,Victoria,search,none,recovery,12,4,314.23,78.56,0.329,0.175,2,189,0.197,4.9,389.65,1,Lapsing-customers,Win-back offer with service recovery
C-01002,Queensland,retail-store,bronze,recovery,6,2,157.51,78.75,0.276,0.092,2,20,0.61,7.9,185.86,1,Emerging-shoppers,Second-purchase education sequence
C-01003,Queensland,retail-store,silver,packs,4,5,373.94,74.79,0.222,0.116,0,24,0.545,7.8,433.77,0,Emerging-shoppers,Second-purchase education sequence
C-01004,Tasmania,organic,none,accessories,23,15,1261.27,84.08,0.12,0.048,0,27,0.56,9.3,1702.71,1,Frequent-regulars,Free shipping threshold reminder
C-01005,Queensland,referral,silver,accessories,25,23,3283.87,142.78,0.139,0.132,1,18,0.731,7.9,4498.9,1,High-value-loyalists,Loyalty upgrade with category cross-sell
C-01006,New South Wales,paid-social,none,accessories,5,3,265.66,88.55,0.29,0.13,1,21,0.47,8.3,310.82,0,Emerging-shoppers,Second-purchase education sequence
C-01007,Victoria,search,bronze,footwear,35,7,577.01,82.43,0.353,0.122,1,114,0.204,6.1,848.2,1,Lapsing-customers,Win-back offer with service recovery
C-01008,Queensland,retail-store,none,jackets,23,10,864.04,86.4,0.233,0.084,2,35,0.577,8,1166.45,0,Frequent-regulars,Free shipping threshold reminder
C-01009,Queensland,paid-social,silver,jackets,26,8,639.76,79.97,0.273,0.083,1,45,0.657,8.4,882.87,1,Frequent-regulars,Free shipping threshold reminder
C-01010,Queensland,referral,none,packs,12,3,184,61.33,0.226,0.045,2,16,0.565,8.3,228.16,0,Emerging-shoppers,Second-purchase education sequence
C-01011,New South Wales,organic,none,jackets,29,6,469.64,78.27,0.249,0.164,1,107,0.055,5.8,662.19,1,Lapsing-customers,Win-back offer with service recovery
C-01012,Victoria,retail-store,none,jackets,13,4,232.53,58.13,0.238,0.174,0,22,0.605,7.9,290.66,1,Emerging-shoppers,Second-purchase education sequence
C-01013,Western Australia,paid-social,none,packs,2,4,304.68,76.17,0.129,0.076,0,20,0.669,7,347.34,0,Emerging-shoppers,Second-purchase education sequence
C-01014,Victoria,organic,silver,accessories,21,13,1041.53,80.12,0.128,0.03,1,31,0.471,6.2,1385.23,1,Frequent-regulars,Free shipping threshold reminder
C-01015,Queensland,search,bronze,jackets,32,5,324.8,64.96,0.254,0.137,1,139,0.206,6.5,467.71,0,Lapsing-customers,Win-back offer with service recovery
C-01016,Victoria,paid-social,gold,jackets,35,34,5661.92,166.53,0.185,0.005,1,8,0.812,7.7,8323.02,0,VIP-loyalists,Early access and premium bundle
C-01017,Victoria,retail-store,silver,packs,19,3,199.99,66.66,0.342,0.15,2,117,0.02,5.9,261.99,1,Lapsing-customers,Win-back offer with service recovery
C-01018,Tasmania,referral,none,apparel,23,12,988.57,82.38,0.175,0.076,2,25,0.59,7.5,1334.57,0,Frequent-regulars,Free shipping threshold reminder
C-01019,Tasmania,organic,none,footwear,4,5,391.41,78.28,0.169,0.097,0,16,0.764,7.6,454.04,0,Emerging-shoppers,Second-purchase education sequence
C-01020,Victoria,paid-social,bronze,accessories,24,6,475.03,79.17,0.251,0.169,4,129,0.259,7,646.04,1,Lapsing-customers,Win-back offer with service recovery
C-01021,Tasmania,paid-social,none,apparel,2,3,196.93,65.64,0.213,0.1,1,23,0.486,6.2,224.5,0,Emerging-shoppers,Second-purchase education sequence
C-01022,Victoria,search,bronze,accessories,13,10,867.73,86.77,0.15,0.079,2,35,0.768,9.1,1084.66,0,Frequent-regulars,Free shipping threshold reminder
C-01023,Victoria,search,silver,packs,8,6,371.81,61.97,0.282,0.095,0,16,0.609,8.4,446.17,0,Emerging-shoppers,Second-purchase education sequence
C-01024,Tasmania,organic,bronze,hydration,8,4,307.89,76.97,0.189,0.117,0,19,0.595,8.7,369.47,0,Emerging-shoppers,Second-purchase education sequence
C-01025,New South Wales,referral,bronze,camp,15,3,252.87,84.29,0.263,0.11,2,25,0.585,7.4,321.14,0,Emerging-shoppers,Second-purchase education sequence
C-01026,New South Wales,retail-store,none,hydration,6,3,171.68,57.23,0.165,0.127,0,15,0.756,7.7,202.58,0,Emerging-shoppers,Second-purchase education sequence
C-01027,New South Wales,organic,bronze,packs,29,7,496.93,70.99,0.294,0.072,5,130,0.375,6.3,700.67,1,Lapsing-customers,Win-back offer with service recovery
C-01028,Victoria,search,none,hydration,24,5,359.25,71.85,0.392,0.16,3,96,0.338,6,488.58,1,Lapsing-customers,Win-back offer with service recovery
C-01029,Queensland,retail-store,bronze,apparel,13,6,496.67,82.78,0.252,0.073,1,20,0.525,7.4,620.84,1,Emerging-shoppers,Second-purchase education sequence
C-01030,Queensland,referral,silver,camp,24,3,187.77,62.59,0.201,0.096,2,157,0.13,6.2,255.37,1,Lapsing-customers,Win-back offer with service recovery
C-01031,Western Australia,search,gold,camp,34,33,5579.11,169.06,0.127,0.045,0,13,0.764,8.9,8145.5,0,VIP-loyalists,Early access and premium bundle
C-01032,Victoria,paid-social,none,camp,27,7,559.53,79.93,0.254,0.154,1,130,0.148,6.3,777.75,1,Lapsing-customers,Win-back offer with service recovery
C-01033,Western Australia,search,silver,recovery,23,16,1276.7,79.79,0.137,0.104,0,25,0.584,7.2,1723.55,0,Frequent-regulars,Free shipping threshold reminder
C-01034,Victoria,referral,bronze,footwear,29,12,1046.2,87.18,0.117,0.057,0,31,0.469,8.8,1475.14,1,Frequent-regulars,Free shipping threshold reminder
C-01035,Tasmania,search,silver,accessories,22,7,595.05,85.01,0.361,0.151,3,145,0.111,4.7,797.37,1,Lapsing-customers,Win-back offer with service recovery
C-01036,New South Wales,paid-social,silver,apparel,16,21,2683.94,127.81,0.099,0.098,2,21,0.72,7.1,3435.44,1,High-value-loyalists,Loyalty upgrade with category cross-sell
C-01037,Tasmania,referral,silver,accessories,2,2,158.7,79.35,0.294,0.112,2,24,0.578,7.9,180.92,0,Emerging-shoppers,Second-purchase education sequence
C-01038,South Australia,referral,silver,hydration,29,6,470.04,78.34,0.369,0.12,2,152,0.186,7.2,662.76,1,Lapsing-customers,Win-back offer with service recovery
C-01039,South Australia,retail-store,gold,accessories,18,12,1535.14,127.93,0.128,0.027,3,22,0.76,7.4,1995.68,0,High-value-loyalists,Loyalty upgrade with category cross-sell
C-01040,South Australia,organic,silver,accessories,32,14,1845.19,131.8,0.081,0.04,1,19,0.738,8.8,2657.07,0,High-value-loyalists,Loyalty upgrade with category cross-sell
C-01041,Western Australia,search,silver,apparel,5,6,364.09,60.68,0.243,0.065,2,20,0.785,7.8,425.99,0,Emerging-shoppers,Second-purchase education sequence
C-01042,Queensland,retail-store,silver,hydration,9,2,151.94,75.97,0.238,0.117,0,25,0.621,8.6,183.85,0,Emerging-shoppers,Second-purchase education sequence
C-01043,Tasmania,search,none,jackets,18,4,285.31,71.33,0.306,0.123,2,133,0.059,5.3,370.9,1,Lapsing-customers,Win-back offer with service recovery
C-01044,Queensland,retail-store,silver,hydration,2,6,446.63,74.44,0.213,0.062,0,16,0.627,7.7,509.16,0,Emerging-shoppers,Second-purchase education sequence
C-01045,South Australia,organic,none,packs,28,8,645.51,80.69,0.337,0.13,3,160,0.097,5.4,903.71,1,Lapsing-customers,Win-back offer with service recovery
C-01046,Queensland,referral,gold,packs,34,29,4605.4,158.81,0.063,0.089,0,7,0.73,10,6723.88,0,VIP-loyalists,Early access and premium bundle
C-01047,Western Australia,organic,none,recovery,17,1,56.63,56.63,0.231,0.088,0,15,0.669,7.1,73.05,0,Emerging-shoppers,Second-purchase education sequence
C-01048,South Australia,organic,silver,camp,26,12,956.23,79.69,0.186,0.106,1,27,0.465,8.3,1319.6,0,Frequent-regulars,Free shipping threshold reminder
C-01049,South Australia,paid-social,silver,jackets,11,4,292.89,73.22,0.163,0.08,1,21,0.639,6.8,360.25,0,Emerging-shoppers,Second-purchase education sequence
C-01050,South Australia,referral,bronze,footwear,13,13,1039.85,79.99,0.259,0.125,0,32,0.544,6.9,1299.81,0,Frequent-regulars,Free shipping threshold reminder
C-01051,Tasmania,referral,silver,hydration,15,7,547,78.14,0.111,0.051,0,33,0.624,6.4,694.69,0,Frequent-regulars,Free shipping threshold reminder
C-01052,Tasmania,paid-social,silver,apparel,23,17,2322.74,136.63,0.103,0.057,0,15,0.625,7.2,3135.7,1,High-value-loyalists,Loyalty upgrade with category cross-sell
C-01053,Tasmania,retail-store,silver,accessories,19,12,966.18,80.52,0.173,0.077,3,38,0.698,8.4,1265.7,0,Frequent-regulars,Free shipping threshold reminder
C-01054,South Australia,organic,gold,jackets,29,21,2796.44,133.16,0.126,0.119,2,18,0.71,8.1,3942.98,0,High-value-loyalists,Loyalty upgrade with category cross-sell
C-01055,Western Australia,paid-social,gold,accessories,42,25,3809.39,152.38,0.065,0.019,1,3,0.856,9,5866.46,0,VIP-loyalists,Early access and premium bundle
C-01056,Queensland,referral,silver,jackets,12,6,439.89,73.31,0.228,0.056,1,20,0.606,8,545.46,0,Emerging-shoppers,Second-purchase education sequence
C-01057,Western Australia,search,none,camp,28,6,477.32,79.55,0.291,0.148,3,104,0.346,6.3,668.25,1,Lapsing-customers,Win-back offer with service recovery
C-01058,Tasmania,referral,none,apparel,22,7,450.32,64.33,0.268,0.155,2,136,0.152,6.7,603.43,1,Lapsing-customers,Win-back offer with service recovery
C-01059,Western Australia,referral,none,recovery,15,3,231.86,77.29,0.168,0.111,1,18,0.712,8.4,294.46,0,Emerging-shoppers,Second-purchase education sequence
C-01060,Western Australia,referral,silver,footwear,23,5,385.17,77.03,0.374,0.135,0,136,0.287,5.4,519.98,1,Lapsing-customers,Win-back offer with service recovery
C-01061,Queensland,referral,bronze,hydration,18,13,1071.87,82.45,0.172,0.052,1,29,0.654,8.3,1393.43,0,Frequent-regulars,Free shipping threshold reminder
C-01062,Queensland,organic,none,footwear,48,6,451.19,75.2,0.281,0.194,3,98,0.232,4,721.9,1,Lapsing-customers,Win-back offer with service recovery
C-01063,Victoria,search,none,footwear,2,2,112.15,56.08,0.26,0.111,0,20,0.532,7.1,127.85,0,Emerging-shoppers,Second-purchase education sequence
C-01064,Tasmania,paid-social,none,footwear,15,5,357.46,71.49,0.245,0.063,0,16,0.729,8.7,453.97,0,Emerging-shoppers,Second-purchase education sequence
C-01065,Queensland,referral,none,hydration,2,3,224.37,74.79,0.155,0.098,3,23,0.683,7.8,255.78,0,Emerging-shoppers,Second-purchase education sequence
C-01066,South Australia,referral,none,accessories,36,6,476.42,79.4,0.287,0.113,2,97,0.235,5.5,705.1,0,Lapsing-customers,Win-back offer with service recovery
C-01067,Tasmania,referral,bronze,apparel,21,9,722.24,80.25,0.131,0.083,0,26,0.489,7,960.58,0,Frequent-regulars,Free shipping threshold reminder
C-01068,Queensland,retail-store,bronze,recovery,13,1,84.11,84.11,0.213,0.127,1,20,0.679,7.5,105.14,0,Emerging-shoppers,Second-purchase education sequence
C-01069,Western Australia,referral,none,footwear,19,6,422.81,70.47,0.3,0.151,2,107,0.167,5.6,553.88,1,Lapsing-customers,Win-back offer with service recovery
C-01070,Tasmania,organic,gold,footwear,30,32,5383.22,168.23,0.069,0.013,1,13,0.945,8.6,7644.17,0,VIP-loyalists,Early access and premium bundle
C-01071,Tasmania,search,silver,packs,19,20,2832.08,141.6,0.101,0.051,0,24,0.86,8.5,3710.02,0,High-value-loyalists,Loyalty upgrade with category cross-sell
C-01072,Tasmania,paid-social,none,hydration,22,3,224.97,74.99,0.244,0.198,2,153,0.308,6.4,301.46,1,Lapsing-customers,Win-back offer with service recovery
C-01073,Western Australia,paid-social,none,apparel,4,4,269.38,67.34,0.237,0.089,0,20,0.333,7.2,312.48,0,Emerging-shoppers,Second-purchase education sequence
C-01074,Tasmania,search,none,apparel,8,3,191.01,63.67,0.129,0.084,1,24,0.736,7.8,229.21,0,Emerging-shoppers,Second-purchase education sequence
C-01075,South Australia,search,none,recovery,11,4,284.89,71.22,0.184,0.11,0,18,0.713,7.8,350.41,0,Emerging-shoppers,Second-purchase education sequence
C-01076,Western Australia,retail-store,gold,packs,24,31,5156.75,166.35,0,0.002,0,7,0.98,8.1,7013.18,0,VIP-loyalists,Early access and premium bundle
C-01077,South Australia,referral,none,recovery,5,6,367.84,61.31,0.321,0.088,0,18,0.849,7.2,430.37,0,Emerging-shoppers,Second-purchase education sequence
C-01078,Victoria,retail-store,silver,accessories,22,8,640.03,80,0.244,0.116,2,135,0.275,7.2,857.64,1,Lapsing-customers,Win-back offer with service recovery
C-01079,Victoria,search,none,recovery,26,4,232.95,58.24,0.373,0.201,3,104,0.222,7.4,321.47,0,Lapsing-customers,Win-back offer with service recovery
C-01080,Western Australia,organic,gold,jackets,21,25,4414.08,176.56,0.097,0.053,2,14,0.784,9.1,5870.73,0,VIP-loyalists,Early access and premium bundle
C-01081,Tasmania,retail-store,none,apparel,19,13,1100.72,84.67,0.135,0.091,2,30,0.525,8.5,1441.94,1,Frequent-regulars,Free shipping threshold reminder
C-01082,Victoria,paid-social,none,accessories,10,1,60.3,60.3,0.259,0.089,2,14,0.628,7.8,73.57,0,Emerging-shoppers,Second-purchase education sequence
C-01083,Tasmania,search,silver,recovery,30,18,2683.34,149.07,0.09,0.109,2,25,0.717,7.5,3810.34,0,High-value-loyalists,Loyalty upgrade with category cross-sell
C-01084,Victoria,search,none,hydration,25,5,465.83,93.17,0.38,0.159,3,104,0.108,6.2,638.19,0,Lapsing-customers,Win-back offer with service recovery
C-01085,Western Australia,referral,none,camp,20,11,931.36,84.67,0.127,0.089,2,33,0.651,7.5,1229.4,0,Frequent-regulars,Free shipping threshold reminder
C-01086,New South Wales,organic,bronze,camp,12,12,985.03,82.09,0.235,0.084,3,30,0.583,8.5,1221.44,0,Frequent-regulars,Free shipping threshold reminder
C-01087,Victoria,organic,none,camp,2,4,306.44,76.61,0.217,0.08,3,21,0.577,9.2,349.34,0,Emerging-shoppers,Second-purchase education sequence
C-01088,Victoria,organic,bronze,accessories,25,6,467.6,77.93,0.235,0.141,1,154,0.184,5.7,640.61,1,Lapsing-customers,Win-back offer with service recovery
C-01089,Western Australia,organic,none,apparel,23,13,1108.86,85.3,0.176,0.119,3,36,0.574,7.5,1496.96,0,Frequent-regulars,Free shipping threshold reminder
C-01090,New South Wales,paid-social,silver,hydration,21,22,2712.36,123.29,0.131,0.107,5,14,0.58,7.8,3607.44,1,High-value-loyalists,Loyalty upgrade with category cross-sell
C-01091,South Australia,organic,silver,camp,21,7,514.3,73.47,0.356,0.176,2,99,0.303,6.1,684.02,1,Lapsing-customers,Win-back offer with service recovery
C-01092,Victoria,search,bronze,footwear,32,6,426.64,71.11,0.302,0.118,2,173,0.316,5.5,614.36,1,Lapsing-customers,Win-back offer with service recovery
C-01093,Victoria,referral,silver,jackets,2,3,195.71,65.24,0.213,0.045,1,13,0.699,8.7,223.11,0,Emerging-shoppers,Second-purchase education sequence
C-01094,Queensland,paid-social,bronze,hydration,11,14,1154.06,82.43,0.189,0.064,1,38,0.536,7.8,1419.49,0,Frequent-regulars,Free shipping threshold reminder
C-01095,Western Australia,organic,none,apparel,19,12,1030.06,85.84,0.198,0.09,0,27,0.422,6.6,1349.38,0,Frequent-regulars,Free shipping threshold reminder
C-01096,Queensland,retail-store,none,footwear,21,15,1234.99,82.33,0.211,0.032,0,36,0.661,8.8,1642.54,0,Frequent-regulars,Free shipping threshold reminder
C-01097,South Australia,retail-store,none,accessories,26,8,600.97,75.12,0.297,0.21,3,102,0.363,3.8,829.34,1,Lapsing-customers,Win-back offer with service recovery
C-01098,Victoria,organic,silver,packs,8,15,1197.55,79.84,0.14,0.095,0,24,0.779,7,1437.06,0,Frequent-regulars,Free shipping threshold reminder
C-01099,Victoria,organic,bronze,accessories,23,15,1063.53,70.9,0.077,0.079,2,18,0.538,8.9,1435.77,0,Frequent-regulars,Free shipping threshold reminder
C-01100,Western Australia,referral,none,jackets,11,3,204.66,68.22,0.198,0.079,1,20,0.679,8.7,251.73,0,Emerging-shoppers,Second-purchase education sequence
C-01101,Tasmania,referral,none,camp,2,4,363.35,90.84,0.341,0.073,0,20,0.624,8.2,414.22,0,Emerging-shoppers,Second-purchase education sequence
C-01102,Tasmania,referral,silver,apparel,40,22,4042.89,183.77,0.106,0.078,0,10,0.877,9.5,6145.19,1,VIP-loyalists,Early access and premium bundle
C-01103,Victoria,referral,bronze,accessories,19,12,1021.89,85.16,0.286,0.074,0,28,0.733,8.4,1338.68,0,Frequent-regulars,Free shipping threshold reminder
C-01104,Western Australia,retail-store,gold,jackets,21,19,2561.04,134.79,0.123,0.067,1,15,0.661,7.9,3406.18,0,High-value-loyalists,Loyalty upgrade with category cross-sell
C-01105,New South Wales,organic,bronze,recovery,27,10,825.13,82.51,0.22,0.088,2,32,0.39,9.7,1146.93,0,Frequent-regulars,Free shipping threshold reminder
C-01106,Victoria,search,silver,apparel,11,11,867.3,78.85,0.134,0.121,1,36,0.657,7.5,1066.78,0,Frequent-regulars,Free shipping threshold reminder
C-01107,South Australia,organic,none,hydration,21,13,1118.73,86.06,0.228,0.081,2,27,0.633,7.7,1487.91,0,Frequent-regulars,Free shipping threshold reminder
C-01108,Western Australia,paid-social,none,footwear,2,5,353.14,70.63,0.185,0.102,0,15,0.711,7.5,402.58,1,Emerging-shoppers,Second-purchase education sequence
C-01109,Western Australia,search,gold,packs,33,23,3780.96,164.39,0.059,0.061,0,7,0.898,7.8,5482.39,0,VIP-loyalists,Early access and premium bundle
C-01110,Victoria,search,gold,recovery,31,17,2052.24,120.72,0.218,0.047,2,15,0.882,9,2934.7,0,High-value-loyalists,Loyalty upgrade with category cross-sell
C-01111,Queensland,paid-social,none,camp,14,4,328.78,82.19,0.265,0.143,3,87,0.083,6.5,414.26,1,Lapsing-customers,Win-back offer with service recovery
C-01112,Western Australia,paid-social,silver,hydration,3,4,259.15,64.79,0.196,0.108,0,18,0.667,9.2,298.02,0,Emerging-shoppers,Second-purchase education sequence
C-01113,South Australia,paid-social,bronze,hydration,24,5,368.52,73.7,0.235,0.174,2,116,0.251,6.7,501.19,0,Lapsing-customers,Win-back offer with service recovery
C-01114,Western Australia,organic,none,jackets,4,5,345.21,69.04,0.215,0.114,0,19,0.602,8,400.44,0,Emerging-shoppers,Second-purchase education sequence
C-01115,Queensland,search,bronze,recovery,23,8,672.77,84.1,0.163,0.022,0,30,0.527,8.3,908.24,0,Frequent-regulars,Free shipping threshold reminder
C-01116,Queensland,referral,gold,hydration,36,26,4431.04,170.42,0.047,0.011,1,11,0.98,9.7,6557.94,0,VIP-loyalists,Early access and premium bundle
C-01117,South Australia,search,silver,footwear,21,6,411.45,68.58,0.255,0.106,2,147,0.139,6.7,547.23,1,Lapsing-customers,Win-back offer with service recovery
C-01118,New South Wales,organic,bronze,recovery,2,3,192.93,64.31,0.287,0.116,0,11,0.735,7.9,219.94,0,Emerging-shoppers,Second-purchase education sequence
C-01119,Tasmania,organic,none,accessories,35,12,904.71,75.39,0.288,0.072,2,38,0.643,7.4,1329.92,0,Frequent-regulars,Free shipping threshold reminder
C-01120,Tasmania,retail-store,none,footwear,21,13,1141.7,87.82,0.224,0.062,0,19,0.541,8,1518.46,0,Frequent-regulars,Free shipping threshold reminder
C-01121,Tasmania,referral,silver,accessories,25,12,1109.77,92.48,0.133,0.092,0,24,0.622,9.2,1520.38,0,Frequent-regulars,Free shipping threshold reminder
C-01122,Tasmania,paid-social,silver,camp,25,5,308.07,61.61,0.262,0.124,3,127,0.175,6.8,422.06,1,Lapsing-customers,Win-back offer with service recovery
C-01123,New South Wales,organic,gold,packs,41,27,4660.73,172.62,0.128,0.036,0,6,0.699,10,7130.92,0,VIP-loyalists,Early access and premium bundle
C-01124,Queensland,search,none,apparel,26,7,514.43,73.49,0.29,0.129,2,161,0.195,6,709.91,1,Lapsing-customers,Win-back offer with service recovery
C-01125,Queensland,paid-social,silver,packs,18,12,1004.62,83.72,0.153,0.085,2,43,0.744,8.1,1306.01,0,Frequent-regulars,Free shipping threshold reminder
C-01126,Tasmania,paid-social,none,recovery,22,16,1345.14,84.07,0.23,0.073,2,42,0.73,7.2,1802.49,1,Frequent-regulars,Free shipping threshold reminder
C-01127,New South Wales,referral,gold,camp,38,25,4182.02,167.28,0.115,0.037,2,2,0.803,8.9,6273.03,0,VIP-loyalists,Early access and premium bundle
C-01128,Victoria,paid-social,none,recovery,33,7,529.54,75.65,0.346,0.168,3,123,0.111,5.8,767.83,1,Lapsing-customers,Win-back offer with service recovery
C-01129,Queensland,search,silver,accessories,32,37,6222.61,168.18,0.037,0,1,5,0.835,8.2,8960.56,0,VIP-loyalists,Early access and premium bundle
C-01130,Western Australia,retail-store,gold,jackets,34,21,2598.43,123.73,0.049,0,3,17,0.617,8,3793.71,0,High-value-loyalists,Loyalty upgrade with category cross-sell
C-01131,Queensland,referral,none,apparel,2,3,233.68,77.89,0.196,0.057,1,17,0.681,9,266.4,0,Emerging-shoppers,Second-purchase education sequence
C-01132,Western Australia,search,bronze,recovery,10,5,368.55,73.71,0.172,0.049,0,19,0.777,8.1,449.63,0,Emerging-shoppers,Second-purchase education sequence
C-01133,South Australia,organic,none,camp,20,11,1002.06,91.1,0.1,0.059,1,29,0.759,7.1,1322.72,0,Frequent-regulars,Free shipping threshold reminder
C-01134,Tasmania,organic,silver,accessories,7,6,493.5,82.25,0.305,0.021,1,20,0.65,8,587.27,0,Emerging-shoppers,Second-purchase education sequence
C-01135,Tasmania,retail-store,none,accessories,21,16,1317.19,82.32,0.159,0.128,2,33,0.523,6.7,1751.86,0,Frequent-regulars,Free shipping threshold reminder
C-01136,Victoria,paid-social,bronze,apparel,19,5,389.11,77.82,0.29,0.184,2,147,0.285,5.2,509.73,1,Lapsing-customers,Win-back offer with service recovery
C-01137,Queensland,retail-store,bronze,jackets,17,14,1054.04,75.29,0.202,0.112,2,20,0.488,6.6,1359.71,1,Frequent-regulars,Free shipping threshold reminder
C-01138,Victoria,referral,none,packs,3,5,350.65,70.13,0.13,0.09,2,18,0.552,6.9,403.25,0,Emerging-shoppers,Second-purchase education sequence
C-01139,Western Australia,referral,bronze,accessories,16,6,401.43,66.9,0.302,0.113,0,21,0.568,7.3,513.83,0,Emerging-shoppers,Second-purchase education sequence
C-01140,Queensland,paid-social,silver,recovery,7,3,197.69,65.9,0.346,0.12,0,21,0.647,7.3,235.25,0,Emerging-shoppers,Second-purchase education sequence
C-01141,Victoria,paid-social,silver,hydration,37,38,6640.46,174.75,0,0.052,0,2,0.98,8.9,9894.29,0,VIP-loyalists,Early access and premium bundle
C-01142,New South Wales,organic,none,camp,26,4,286.57,71.64,0.313,0.15,2,140,0.249,6,395.47,1,Lapsing-customers,Win-back offer with service recovery
C-01143,Tasmania,organic,none,recovery,27,5,403.86,80.77,0.322,0.134,3,149,0.182,5.6,561.37,1,Lapsing-customers,Win-back offer with service recovery
C-01144,Queensland,retail-store,silver,recovery,24,21,3734.21,177.82,0.073,0.022,0,8,0.973,8.8,5078.53,0,VIP-loyalists,Early access and premium bundle
C-01145,South Australia,search,silver,camp,23,15,1256.01,83.73,0.171,0.064,2,24,0.344,7.4,1695.61,1,Frequent-regulars,Free shipping threshold reminder
C-01146,Western Australia,referral,gold,camp,32,30,5104.27,170.14,0.188,0.051,0,1,0.741,9.1,7350.15,0,VIP-loyalists,Early access and premium bundle
C-01147,Tasmania,search,none,footwear,27,8,595.75,74.47,0.344,0.167,2,113,0.197,6,828.09,1,Lapsing-customers,Win-back offer with service recovery
C-01148,Victoria,organic,none,packs,20,12,1040.36,86.7,0.206,0.048,1,28,0.71,6.4,1373.28,0,Frequent-regulars,Free shipping threshold reminder
C-01149,Victoria,referral,silver,packs,26,12,946.91,78.91,0.209,0.055,0,32,0.639,6.4,1306.74,0,Frequent-regulars,Free shipping threshold reminder
C-01150,South Australia,search,gold,accessories,37,28,4550.72,162.53,0.11,0.033,0,3,0.86,10,6780.57,0,VIP-loyalists,Early access and premium bundle
C-01151,South Australia,search,none,camp,23,11,978.46,88.95,0.222,0.07,0,25,0.703,6.8,1320.92,1,Frequent-regulars,Free shipping threshold reminder
C-01152,Queensland,referral,none,apparel,2,6,413.57,68.93,0.167,0.121,0,23,0.733,7.6,471.47,0,Emerging-shoppers,Second-purchase education sequence
C-01153,Queensland,search,silver,camp,24,6,430.97,71.83,0.244,0.16,2,159,0.234,6.4,586.12,1,Lapsing-customers,Win-back offer with service recovery
C-01154,Tasmania,retail-store,silver,accessories,27,13,1071.42,82.42,0.215,0.13,3,33,0.389,8.7,1489.27,0,Frequent-regulars,Free shipping threshold reminder
C-01155,Queensland,referral,none,hydration,39,4,331.69,82.92,0.243,0.129,3,123,0.08,5.6,500.85,1,Lapsing-customers,Win-back offer with service recovery
C-01156,South Australia,organic,none,footwear,16,5,385.19,77.04,0.247,0.124,1,17,0.611,7.9,493.04,1,Emerging-shoppers,Second-purchase education sequence
C-01157,Victoria,search,none,packs,30,8,592.78,74.1,0.334,0.11,2,144,0.021,5.5,841.75,0,Lapsing-customers,Win-back offer with service recovery
C-01158,Western Australia,referral,gold,hydration,31,28,4725.97,168.78,0.1,0.032,0,10,0.785,9,6758.14,0,VIP-loyalists,Early access and premium bundle
C-01159,Victoria,organic,silver,footwear,5,6,456.89,76.15,0.184,0.116,0,22,0.646,8,534.56,1,Emerging-shoppers,Second-purchase education sequence
C-01160,Western Australia,retail-store,bronze,hydration,9,5,330.49,66.1,0.28,0.085,0,16,0.689,6.9,399.89,0,Emerging-shoppers,Second-purchase education sequence
C-01161,South Australia,search,none,accessories,2,4,331.92,82.98,0.224,0.067,0,21,0.479,6.3,378.39,1,Emerging-shoppers,Second-purchase education sequence
C-01162,Victoria,organic,none,jackets,19,13,961.06,73.93,0.186,0.143,1,28,0.757,7.5,1258.99,1,Frequent-regulars,Free shipping threshold reminder
C-01163,South Australia,paid-social,silver,footwear,30,7,546.41,78.06,0.324,0.137,1,73,0.37,5.3,775.9,0,Lapsing-customers,Win-back offer with service recovery
C-01164,Queensland,referral,none,hydration,17,6,522.06,87.01,0.338,0.219,3,128,0.207,4.7,673.46,1,Lapsing-customers,Win-back offer with service recovery
C-01165,New South Wales,search,silver,jackets,11,7,499.37,71.34,0.187,0.112,2,19,0.683,7.1,614.23,0,Emerging-shoppers,Second-purchase education sequence
C-01166,Victoria,search,none,hydration,6,4,239.49,59.87,0.151,0.096,2,19,0.725,8.1,282.6,0,Emerging-shoppers,Second-purchase education sequence
C-01167,South Australia,search,silver,jackets,33,10,790.93,79.09,0.171,0.072,2,38,0.255,7.4,1146.85,0,Frequent-regulars,Free shipping threshold reminder
C-01168,Western Australia,retail-store,none,footwear,25,5,396.69,79.34,0.298,0.185,2,89,0.17,5.7,543.47,1,Lapsing-customers,Win-back offer with service recovery
C-01169,Western Australia,organic,none,apparel,27,4,298.13,74.53,0.3,0.164,4,141,0.305,7.2,414.4,1,Lapsing-customers,Win-back offer with service recovery
C-01170,New South Wales,retail-store,none,jackets,27,10,855.35,85.53,0.178,0.085,0,26,0.708,7.5,1188.94,0,Frequent-regulars,Free shipping threshold reminder
C-01171,Queensland,referral,none,recovery,23,8,632.13,79.02,0.345,0.188,2,125,0.234,7.5,853.38,1,Lapsing-customers,Win-back offer with service recovery
C-01172,Queensland,search,none,apparel,30,6,441.84,73.64,0.263,0.18,3,166,0.175,6.6,627.41,0,Lapsing-customers,Win-back offer with service recovery
C-01173,Victoria,referral,none,packs,19,6,454.72,75.79,0.327,0.139,2,154,0.143,6.2,595.68,1,Lapsing-customers,Win-back offer with service recovery
C-01174,New South Wales,search,none,packs,28,16,1288.29,80.52,0.196,0.125,3,34,0.585,7.8,1803.61,0,Frequent-regulars,Free shipping threshold reminder
C-01175,Western Australia,organic,none,camp,27,11,1016.24,92.39,0.262,0.041,3,25,0.775,8.2,1412.57,0,Frequent-regulars,Free shipping threshold reminder
C-01176,Western Australia,paid-social,none,packs,25,6,431.08,71.85,0.28,0.146,1,130,0.088,5.5,590.58,1,Lapsing-customers,Win-back offer with service recovery
C-01177,Victoria,paid-social,none,jackets,19,10,808.64,80.86,0.231,0.088,1,34,0.641,8,1059.32,0,Frequent-regulars,Free shipping threshold reminder
C-01178,New South Wales,search,none,hydration,25,4,303.7,75.92,0.381,0.149,5,143,0.444,6.6,416.07,1,Lapsing-customers,Win-back offer with service recovery
C-01179,South Australia,retail-store,none,apparel,15,2,123.84,61.92,0.16,0.087,1,22,0.784,6.9,157.28,0,Emerging-shoppers,Second-purchase education sequence
C-01180,Tasmania,search,bronze,apparel,24,14,1255.62,89.69,0.176,0.108,2,33,0.532,7.6,1707.64,0,Frequent-regulars,Free shipping threshold reminder
C-01181,Western Australia,retail-store,bronze,footwear,22,14,1138.1,81.29,0.119,0.09,0,30,0.559,9.1,1525.05,1,Frequent-regulars,Free shipping threshold reminder
C-01182,Tasmania,organic,none,camp,9,5,337.49,67.5,0.174,0.148,1,18,0.86,7.4,408.36,0,Emerging-shoppers,Second-purchase education sequence
C-01183,Western Australia,paid-social,bronze,apparel,22,7,579.18,82.74,0.334,0.161,3,147,0.352,4.8,776.1,1,Lapsing-customers,Win-back offer with service recovery
C-01184,New South Wales,organic,gold,recovery,45,26,4029.46,154.98,0.049,0.026,2,7,0.762,7.4,6326.25,0,VIP-loyalists,Early access and premium bundle
C-01185,Tasmania,referral,bronze,accessories,34,9,594.19,66.02,0.3,0.13,1,99,0.165,6.8,867.52,0,Lapsing-customers,Win-back offer with service recovery
C-01186,New South Wales,search,bronze,hydration,3,4,286.49,71.62,0.325,0.045,0,19,0.629,8.1,329.46,0,Emerging-shoppers,Second-purchase education sequence
C-01187,Queensland,organic,bronze,hydration,22,5,394.23,78.85,0.421,0.144,3,140,0.115,6,528.27,1,Lapsing-customers,Win-back offer with service recovery
C-01188,Victoria,organic,none,camp,24,6,456.6,76.1,0.299,0.218,3,151,0.179,6.4,620.98,0,Lapsing-customers,Win-back offer with service recovery
C-01189,South Australia,paid-social,none,footwear,33,5,414.07,82.81,0.333,0.243,3,136,0.43,5.4,600.4,1,Lapsing-customers,Win-back offer with service recovery
C-01190,Queensland,search,none,camp,16,11,1036.59,94.24,0.221,0.137,2,27,0.685,6.1,1326.84,1,Frequent-regulars,Free shipping threshold reminder
C-01191,South Australia,search,none,packs,8,2,171.7,85.85,0.23,0.045,2,23,0.673,8.2,206.04,1,Emerging-shoppers,Second-purchase education sequence
C-01192,Queensland,retail-store,bronze,camp,21,9,647.03,71.89,0.239,0.181,2,143,0.472,6,860.55,0,Lapsing-customers,Win-back offer with service recovery
C-01193,South Australia,organic,silver,hydration,25,17,2297.9,135.17,0.091,0.065,0,24,0.734,9.5,3148.12,0,High-value-loyalists,Loyalty upgrade with category cross-sell
C-01194,Queensland,search,silver,hydration,6,4,232.56,58.14,0.214,0.117,1,16,0.558,6.5,274.42,0,Emerging-shoppers,Second-purchase education sequence
C-01195,Tasmania,organic,silver,recovery,26,12,902.2,75.18,0.156,0.09,1,31,0.764,7.3,1245.04,1,Frequent-regulars,Free shipping threshold reminder
C-01196,South Australia,referral,gold,hydration,29,19,2474.1,130.22,0.135,0.109,1,21,0.563,8.1,3488.48,0,High-value-loyalists,Loyalty upgrade with category cross-sell
C-01197,Queensland,paid-social,none,jackets,21,6,398.27,66.38,0.299,0.196,3,117,0.181,6.1,529.7,1,Lapsing-customers,Win-back offer with service recovery
C-01198,Queensland,referral,bronze,recovery,23,7,519.94,74.28,0.348,0.16,2,144,0.12,5.8,701.92,1,Lapsing-customers,Win-back offer with service recovery
C-01199,New South Wales,search,bronze,hydration,16,13,1028.93,79.15,0.244,0.149,0,36,0.375,8.1,1317.03,0,Frequent-regulars,Free shipping threshold reminder
C-01200,Western Australia,retail-store,silver,recovery,19,14,1877.23,134.09,0.154,0.018,0,20,0.717,7.9,2459.17,0,High-value-loyalists,Loyalty upgrade with category cross-sell
C-01201,South Australia,search,none,packs,25,9,775.17,86.13,0.208,0.09,0,26,0.646,7.3,1061.98,0,Frequent-regulars,Free shipping threshold reminder
C-01202,South Australia,search,none,recovery,30,5,275.91,55.18,0.256,0.22,3,117,0.159,6.9,391.79,1,Lapsing-customers,Win-back offer with service recovery
C-01203,New South Wales,paid-social,silver,accessories,28,26,3524.23,135.55,0.14,0.049,0,12,0.898,8,4933.92,0,High-value-loyalists,Loyalty upgrade with category cross-sell
C-01204,Victoria,paid-social,silver,camp,26,8,666.73,83.34,0.431,0.117,2,142,0.441,6.5,920.09,0,Lapsing-customers,Win-back offer with service recovery
C-01205,New South Wales,retail-store,silver,camp,30,15,2018.27,134.55,0.079,0.049,2,13,0.807,8,2865.94,0,High-value-loyalists,Loyalty upgrade with category cross-sell
C-01206,Victoria,retail-store,bronze,packs,28,18,1513.73,84.1,0.264,0.08,1,44,0.506,7.4,2119.22,0,Frequent-regulars,Free shipping threshold reminder
C-01207,Western Australia,referral,none,jackets,2,5,358.6,71.72,0.126,0.112,0,18,0.641,7.1,408.8,0,Emerging-shoppers,Second-purchase education sequence
C-01208,Tasmania,referral,none,footwear,29,4,308.14,77.04,0.301,0.133,5,86,0.286,5.4,434.48,1,Lapsing-customers,Win-back offer with service recovery
C-01209,Victoria,paid-social,silver,jackets,20,6,395.81,65.97,0.365,0.232,3,153,0.137,5.4,522.47,1,Lapsing-customers,Win-back offer with service recovery
C-01210,Tasmania,search,none,footwear,14,13,1217.99,93.69,0.147,0.083,1,34,0.634,7.4,1534.67,0,Frequent-regulars,Free shipping threshold reminder
C-01211,Western Australia,search,none,hydration,26,14,1253.15,89.51,0.209,0.059,0,28,0.583,8,1729.35,0,Frequent-regulars,Free shipping threshold reminder
C-01212,New South Wales,organic,silver,recovery,37,18,2292.33,127.35,0.039,0.023,0,12,0.789,9.2,3415.57,0,High-value-loyalists,Loyalty upgrade with category cross-sell
C-01213,New South Wales,paid-social,silver,jackets,28,12,1468,122.33,0.104,0.033,3,9,0.85,8.8,2055.2,0,High-value-loyalists,Loyalty upgrade with category cross-sell
C-01214,Western Australia,retail-store,gold,recovery,36,9,1031.02,114.56,0.085,0.108,0,19,0.64,8.6,1525.91,0,High-value-loyalists,Loyalty upgrade with category cross-sell
C-01215,South Australia,search,none,packs,2,4,252.27,63.07,0.198,0.072,0,22,0.476,8.4,287.59,1,Emerging-shoppers,Second-purchase education sequence
C-01216,Tasmania,organic,gold,jackets,31,25,3854.63,154.19,0.155,0,0,6,0.706,9.5,5512.12,0,VIP-loyalists,Early access and premium bundle
C-01217,Western Australia,search,none,jackets,33,15,1273.12,84.87,0.22,0.084,2,40,0.599,6.7,1846.02,1,Frequent-regulars,Free shipping threshold reminder
C-01218,Western Australia,retail-store,none,packs,15,12,956.63,79.72,0.198,0.155,0,36,0.624,6.9,1214.92,0,Frequent-regulars,Free shipping threshold reminder
C-01219,South Australia,referral,silver,packs,17,12,976.32,81.36,0.178,0.111,0,29,0.551,7.7,1259.45,0,Frequent-regulars,Free shipping threshold reminder
C-01220,Western Australia,search,none,jackets,9,3,227.33,75.78,0.191,0.099,1,19,0.546,8.9,275.07,1,Emerging-shoppers,Second-purchase education sequence
C-01221,Tasmania,search,silver,camp,9,4,299.21,74.8,0.122,0.038,2,11,0.681,8.2,362.04,0,Emerging-shoppers,Second-purchase education sequence
C-01222,Tasmania,paid-social,silver,camp,31,16,2130.55,133.16,0.147,0.114,3,18,0.644,8.3,3046.69,0,High-value-loyalists,Loyalty upgrade with category cross-sell
C-01223,New South Wales,search,none,jackets,21,6,402.17,67.03,0.277,0.183,4,125,0.034,4.8,534.89,0,Lapsing-customers,Win-back offer with service recovery
C-01224,Tasmania,paid-social,none,jackets,18,7,533.55,76.22,0.301,0.198,2,108,0.204,5.6,693.62,1,Lapsing-customers,Win-back offer with service recovery
C-01225,South Australia,referral,silver,accessories,17,11,888.05,80.73,0.218,0.05,2,40,0.756,7.7,1145.58,0,Frequent-regulars,Free shipping threshold reminder
C-01226,Victoria,search,silver,packs,22,23,3847.16,167.27,0.076,0.049,2,7,0.911,9.7,5155.19,0,VIP-loyalists,Early access and premium bundle
C-01227,South Australia,paid-social,silver,apparel,38,23,2980.17,129.57,0.127,0.015,0,19,0.839,8,4470.25,0,High-value-loyalists,Loyalty upgrade with category cross-sell
C-01228,Victoria,organic,bronze,recovery,13,9,743.83,82.65,0.189,0.041,0,29,0.523,7.1,929.79,0,Frequent-regulars,Free shipping threshold reminder
C-01229,Queensland,organic,gold,footwear,45,35,6107.54,174.5,0,0,2,9,0.843,9,9588.84,0,VIP-loyalists,Early access and premium bundle
C-01230,South Australia,retail-store,none,jackets,23,7,440.98,63,0.311,0.131,3,156,0.127,6,595.32,0,Lapsing-customers,Win-back offer with service recovery
C-01231,Victoria,referral,silver,footwear,18,15,1386.2,92.41,0.095,0.088,3,32,0.444,6.4,1802.06,1,Frequent-regulars,Free shipping threshold reminder
C-01232,Western Australia,referral,none,hydration,8,3,203.81,67.94,0.306,0.078,0,21,0.554,8,244.57,0,Emerging-shoppers,Second-purchase education sequence
C-01233,Western Australia,retail-store,none,footwear,7,4,310.43,77.61,0.309,0.135,1,26,0.698,7.9,369.41,0,Emerging-shoppers,Second-purchase education sequence
C-01234,South Australia,search,none,apparel,2,4,289.7,72.42,0.27,0.188,3,24,0.526,7.4,330.26,0,Emerging-shoppers,Second-purchase education sequence
C-01235,South Australia,retail-store,bronze,footwear,28,7,572.83,81.83,0.255,0.15,1,149,0.209,6.5,801.96,1,Lapsing-customers,Win-back offer with service recovery
C-01236,Queensland,paid-social,silver,jackets,40,18,2234.31,124.13,0.082,0.069,1,16,0.889,7.7,3396.15,0,High-value-loyalists,Loyalty upgrade with category cross-sell
C-01237,South Australia,search,bronze,footwear,18,10,774.05,77.41,0.207,0.125,3,20,0.765,7.1,1006.27,0,Frequent-regulars,Free shipping threshold reminder
C-01238,Western Australia,organic,none,jackets,21,4,369.76,92.44,0.398,0.137,2,140,0.107,7.4,491.78,1,Lapsing-customers,Win-back offer with service recovery
C-01239,Queensland,paid-social,silver,packs,18,6,434.39,72.4,0.132,0.082,0,22,0.6,7.1,564.71,1,Frequent-regulars,Free shipping threshold reminder
C-01240,Tasmania,retail-store,silver,recovery,16,19,1493.05,78.58,0.17,0.074,0,38,0.337,7.7,1911.1,0,Frequent-regulars,Free shipping threshold reminder
C-01241,Tasmania,referral,silver,accessories,40,16,2630.12,164.38,0.097,0.022,0,6,0.85,9,3997.78,0,VIP-loyalists,Early access and premium bundle
C-01242,Western Australia,retail-store,silver,camp,23,17,2145.69,126.22,0.042,0.067,2,25,0.638,8.7,2896.68,0,High-value-loyalists,Loyalty upgrade with category cross-sell
C-01243,Queensland,referral,silver,footwear,13,4,234.88,58.72,0.24,0.043,1,16,0.752,8,293.6,0,Emerging-shoppers,Second-purchase education sequence
C-01244,Tasmania,retail-store,silver,hydration,25,16,2280.02,142.5,0.125,0.084,1,19,0.654,7,3123.63,0,High-value-loyalists,Loyalty upgrade with category cross-sell
C-01245,Western Australia,search,none,hydration,3,8,597.97,74.75,0.133,0.135,1,18,0.551,6.2,687.67,0,Emerging-shoppers,Second-purchase education sequence
C-01246,Tasmania,paid-social,bronze,apparel,25,7,483.37,69.05,0.396,0.132,3,118,0.129,5.1,662.22,1,Lapsing-customers,Win-back offer with service recovery
C-01247,Tasmania,paid-social,none,packs,13,4,300.56,75.14,0.185,0.071,1,20,0.627,7.9,375.7,0,Emerging-shoppers,Second-purchase education sequence
C-01248,South Australia,organic,none,camp,9,6,511.38,85.23,0.208,0.116,1,34,0.574,7.6,618.77,0,Frequent-regulars,Free shipping threshold reminder
C-01249,Victoria,organic,silver,apparel,36,27,4419.88,163.7,0.133,0.041,1,8,0.819,8.8,6541.42,0,VIP-loyalists,Early access and premium bundle
C-01250,Victoria,organic,none,footwear,7,7,469.41,67.06,0.326,0.032,0,21,0.63,7.4,558.6,0,Emerging-shoppers,Second-purchase education sequence
C-01251,South Australia,retail-store,silver,camp,28,16,1346.71,84.17,0.085,0.048,0,34,0.53,6.9,1885.39,0,Frequent-regulars,Free shipping threshold reminder
C-01252,South Australia,paid-social,silver,apparel,9,3,238.42,79.47,0.345,0.096,0,21,0.607,7.3,288.49,0,Emerging-shoppers,Second-purchase education sequence
C-01253,Tasmania,referral,none,recovery,6,3,238.5,79.5,0.293,0.104,2,18,0.827,8.4,281.43,0,Emerging-shoppers,Second-purchase education sequence
C-01254,Western Australia,paid-social,none,jackets,37,3,194.57,64.86,0.263,0.213,3,103,0.338,6.3,289.91,0,Lapsing-customers,Win-back offer with service recovery
C-01255,Victoria,search,silver,camp,23,15,1242.68,82.85,0.112,0.026,2,31,0.582,8.1,1677.62,1,Frequent-regulars,Free shipping threshold reminder
C-01256,Tasmania,retail-store,none,accessories,8,3,166.34,55.45,0.224,0.08,2,18,0.691,8.1,199.61,0,Emerging-shoppers,Second-purchase education sequence
C-01257,New South Wales,paid-social,gold,packs,28,18,2481.04,137.84,0.079,0.068,2,22,0.848,7.4,3473.46,0,High-value-loyalists,Loyalty upgrade with category cross-sell
C-01258,Queensland,paid-social,gold,jackets,37,23,3945.05,171.52,0.166,0.005,0,5,0.96,10,5878.12,0,VIP-loyalists,Early access and premium bundle
C-01259,South Australia,organic,none,recovery,3,3,168.56,56.19,0.254,0.103,2,17,0.631,8.2,193.84,0,Emerging-shoppers,Second-purchase education sequence
C-01260,Victoria,paid-social,silver,jackets,21,22,2840.51,129.11,0.072,0.095,2,24,0.705,9.1,3777.88,1,High-value-loyalists,Loyalty upgrade with category cross-sell
C-01261,Tasmania,retail-store,silver,camp,5,1,62.69,62.69,0.11,0.011,2,18,0.629,8.2,73.35,0,Emerging-shoppers,Second-purchase education sequence
C-01262,Victoria,search,silver,packs,35,19,2532.26,133.28,0.197,0.042,0,18,0.622,9.3,3722.42,0,High-value-loyalists,Loyalty upgrade with category cross-sell
C-01263,South Australia,referral,silver,footwear,15,7,501.81,71.69,0.336,0.134,3,114,0.139,6.5,637.3,0,Lapsing-customers,Win-back offer with service recovery
C-01264,New South Wales,paid-social,none,jackets,25,12,1026.95,85.58,0.16,0.085,0,29,0.599,9.3,1406.92,0,Frequent-regulars,Free shipping threshold reminder
C-01265,Western Australia,retail-store,none,recovery,30,5,310.11,62.02,0.327,0.094,3,180,0.048,7.5,440.36,1,Lapsing-customers,Win-back offer with service recovery
C-01266,Western Australia,organic,bronze,apparel,21,11,845.05,76.82,0.201,0.039,0,25,0.619,6.8,1123.92,0,Frequent-regulars,Free shipping threshold reminder
C-01267,South Australia,search,none,footwear,20,10,925.5,92.55,0.188,0.114,2,28,0.351,7.9,1221.66,0,Frequent-regulars,Free shipping threshold reminder
C-01268,South Australia,retail-store,none,footwear,3,4,283.85,70.96,0.22,0.113,0,24,0.67,7.7,326.43,0,Emerging-shoppers,Second-purchase education sequence
C-01269,South Australia,organic,none,camp,21,6,454.62,75.77,0.312,0.198,3,116,0.235,5.5,604.64,1,Lapsing-customers,Win-back offer with service recovery
C-01270,Queensland,paid-social,bronze,hydration,13,1,72.22,72.22,0.197,0.036,3,30,0.727,7.8,90.28,1,Emerging-shoppers,Second-purchase education sequence
C-01271,South Australia,organic,none,packs,29,7,569.41,81.34,0.165,0.01,1,31,0.687,8.2,802.87,1,Frequent-regulars,Free shipping threshold reminder
C-01272,Queensland,retail-store,silver,packs,14,5,413.41,82.68,0.334,0.252,1,153,0.149,6.5,520.9,1,Lapsing-customers,Win-back offer with service recovery
C-01273,Queensland,search,bronze,recovery,24,12,860.76,71.73,0.109,0.08,3,42,0.498,6,1170.63,0,Frequent-regulars,Free shipping threshold reminder
C-01274,New South Wales,paid-social,silver,camp,31,9,738.04,82,0.297,0.141,2,83,0.195,6.2,1055.4,0,Lapsing-customers,Win-back offer with service recovery
C-01275,Victoria,search,gold,apparel,28,12,1670.37,139.2,0.113,0.001,0,11,0.778,8.3,2338.52,0,High-value-loyalists,Loyalty upgrade with category cross-sell
C-01276,Queensland,paid-social,bronze,footwear,21,13,1045.89,80.45,0.181,0.071,1,32,0.525,8.4,1391.03,1,Frequent-regulars,Free shipping threshold reminder
C-01277,Western Australia,search,gold,camp,33,17,2241.61,131.86,0.215,0,0,17,0.878,7.1,3250.33,0,High-value-loyalists,Loyalty upgrade with category cross-sell
C-01278,South Australia,paid-social,silver,hydration,8,2,165.26,82.63,0.344,0.095,0,17,0.694,6.8,198.31,0,Emerging-shoppers,Second-purchase education sequence
C-01279,New South Wales,retail-store,bronze,hydration,24,9,757.51,84.17,0.222,0.081,2,16,0.855,7.1,1030.21,0,Frequent-regulars,Free shipping threshold reminder
C-01280,South Australia,organic,bronze,camp,23,6,418.35,69.73,0.321,0.161,2,101,0.172,5.7,564.77,1,Lapsing-customers,Win-back offer with service recovery
C-01281,Western Australia,paid-social,none,footwear,35,5,417.79,83.56,0.341,0.152,2,148,0.498,6.5,614.15,1,Lapsing-customers,Win-back offer with service recovery
C-01282,Queensland,organic,none,hydration,3,4,368.13,92.03,0.247,0.073,1,22,0.734,7.6,423.35,1,Emerging-shoppers,Second-purchase education sequence
C-01283,Victoria,paid-social,silver,jackets,7,11,971.09,88.28,0.17,0.072,1,30,0.527,7.5,1155.6,1,Frequent-regulars,Free shipping threshold reminder
C-01284,Western Australia,retail-store,silver,camp,24,5,362.42,72.48,0.267,0.103,3,105,0.357,6.1,492.89,1,Lapsing-customers,Win-back offer with service recovery
C-01285,Victoria,search,silver,camp,30,15,2003.47,133.56,0.141,0.085,0,24,0.719,8.3,2844.93,1,High-value-loyalists,Loyalty upgrade with category cross-sell
C-01286,Western Australia,organic,none,camp,14,16,1334.5,83.41,0.116,0.05,0,37,0.605,8.5,1681.47,0,Frequent-regulars,Free shipping threshold reminder
C-01287,New South Wales,referral,gold,accessories,13,22,3037.45,138.07,0.105,0.101,2,15,0.598,8.7,3796.81,0,High-value-loyalists,Loyalty upgrade with category cross-sell
C-01288,Victoria,paid-social,gold,accessories,18,18,2352.46,130.69,0.148,0.029,3,15,0.869,8,3058.2,0,High-value-loyalists,Loyalty upgrade with category cross-sell
C-01289,New South Wales,paid-social,bronze,apparel,6,1,78.87,78.87,0.274,0.125,1,15,0.798,8.3,93.07,0,Emerging-shoppers,Second-purchase education sequence
C-01290,Tasmania,search,silver,jackets,2,4,254.68,63.67,0.25,0.143,3,18,0.492,7.5,290.34,0,Emerging-shoppers,Second-purchase education sequence
C-01291,Queensland,search,silver,footwear,13,11,836.39,76.04,0.162,0.076,1,32,0.591,7.2,1045.49,0,Frequent-regulars,Free shipping threshold reminder
C-01292,Victoria,referral,gold,accessories,28,27,3632.39,134.53,0.165,0.04,2,19,0.706,7.5,5085.35,0,High-value-loyalists,Loyalty upgrade with category cross-sell
C-01293,Western Australia,search,silver,jackets,9,3,250.63,83.54,0.215,0.091,0,13,0.794,6.9,303.26,0,Emerging-shoppers,Second-purchase education sequence
C-01294,South Australia,search,silver,accessories,30,19,2261.21,119.01,0.151,0.075,0,18,0.819,7.8,3210.92,0,High-value-loyalists,Loyalty upgrade with category cross-sell
C-01295,Tasmania,paid-social,none,footwear,19,11,953.26,86.66,0.209,0.132,2,17,0.763,8.1,1248.77,0,Frequent-regulars,Free shipping threshold reminder
C-01296,Western Australia,paid-social,gold,apparel,28,18,2506.83,139.27,0.171,0.103,1,12,0.98,8,3509.56,0,High-value-loyalists,Loyalty upgrade with category cross-sell
C-01297,Western Australia,paid-social,none,accessories,26,5,355.47,71.09,0.254,0.109,2,120,0.186,7.3,490.55,1,Lapsing-customers,Win-back offer with service recovery
C-01298,Western Australia,search,bronze,footwear,32,10,904.17,90.42,0.129,0.058,1,33,0.608,7.2,1302,0,Frequent-regulars,Free shipping threshold reminder
C-01299,Queensland,paid-social,silver,apparel,14,4,325.41,81.35,0.326,0.204,2,140,0.207,5.5,410.02,1,Lapsing-customers,Win-back offer with service recovery
C-01300,New South Wales,organic,none,accessories,29,6,399.54,66.59,0.381,0.12,2,156,0.355,5.7,563.35,1,Lapsing-customers,Win-back offer with service recovery
C-01301,New South Wales,retail-store,none,packs,17,10,953.73,95.37,0.175,0.207,3,137,0.056,4.3,1230.31,1,Lapsing-customers,Win-back offer with service recovery
C-01302,New South Wales,search,silver,apparel,19,4,360.44,90.11,0.267,0.192,3,110,0.32,5.8,472.18,1,Lapsing-customers,Win-back offer with service recovery
C-01303,New South Wales,paid-social,none,footwear,22,4,287.55,71.89,0.243,0.126,1,133,0.119,4,385.32,1,Lapsing-customers,Win-back offer with service recovery
C-01304,Queensland,search,gold,packs,37,26,4216.11,162.16,0.076,0.04,2,8,0.851,8.3,6282,0,VIP-loyalists,Early access and premium bundle
C-01305,Western Australia,referral,bronze,apparel,16,13,1027.14,79.01,0.255,0.061,2,36,0.556,8.1,1314.74,0,Frequent-regulars,Free shipping threshold reminder
C-01306,New South Wales,referral,bronze,footwear,4,5,337.19,67.44,0.227,0.082,1,19,0.622,7.9,391.14,0,Emerging-shoppers,Second-purchase education sequence
C-01307,Victoria,organic,silver,apparel,37,27,4698.85,174.03,0.106,0.019,1,2,0.817,10,7001.29,0,VIP-loyalists,Early access and premium bundle
C-01308,Tasmania,paid-social,none,jackets,36,7,528.72,75.53,0.271,0.174,1,136,0.087,5.5,782.51,1,Lapsing-customers,Win-back offer with service recovery
C-01309,Victoria,retail-store,bronze,accessories,8,6,360.37,60.06,0.212,0.007,2,19,0.832,6.1,432.44,1,Emerging-shoppers,Second-purchase education sequence
C-01310,Western Australia,organic,none,hydration,25,4,365.39,91.35,0.299,0.155,2,113,0.193,5.9,500.58,0,Lapsing-customers,Win-back offer with service recovery
C-01311,Victoria,paid-social,silver,recovery,24,8,620.59,77.57,0.368,0.171,3,120,0.097,5.7,844,1,Lapsing-customers,Win-back offer with service recovery
C-01312,Queensland,retail-store,none,camp,9,3,229.5,76.5,0.281,0.099,2,21,0.684,7.2,277.7,0,Emerging-shoppers,Second-purchase education sequence
C-01313,South Australia,referral,silver,footwear,30,33,5691.11,172.46,0,0,0,8,0.789,9.9,8081.38,0,VIP-loyalists,Early access and premium bundle
C-01314,Victoria,paid-social,silver,hydration,16,12,1042.72,86.89,0.143,0.094,1,35,0.483,7.8,1334.68,0,Frequent-regulars,Free shipping threshold reminder
C-01315,Victoria,retail-store,bronze,jackets,4,4,291.31,72.83,0.249,0.074,0,16,0.671,8.1,337.92,0,Emerging-shoppers,Second-purchase education sequence
C-01316,Tasmania,referral,none,jackets,2,5,301.19,60.24,0.364,0.081,1,28,0.691,7.3,343.36,0,Emerging-shoppers,Second-purchase education sequence
C-01317,New South Wales,paid-social,none,apparel,21,8,581.08,72.64,0.358,0.136,3,109,0.107,7,772.84,1,Lapsing-customers,Win-back offer with service recovery
C-01318,South Australia,retail-store,silver,hydration,15,6,435.64,72.61,0.229,0.094,0,21,0.807,7.7,553.26,0,Emerging-shoppers,Second-purchase education sequence
C-01319,Western Australia,organic,none,camp,12,1,76.22,76.22,0.268,0.125,3,25,0.549,8.3,94.51,0,Emerging-shoppers,Second-purchase education sequence
C-01320,New South Wales,search,none,apparel,2,3,196.4,65.47,0.235,0.096,2,22,0.483,8.1,223.9,1,Emerging-shoppers,Second-purchase education sequence
C-01321,South Australia,paid-social,silver,jackets,29,14,1895.65,135.4,0.21,0.03,0,16,0.589,9.4,2672.87,0,High-value-loyalists,Loyalty upgrade with category cross-sell
C-01322,Tasmania,paid-social,none,accessories,34,11,1072.84,97.53,0.237,0.105,3,29,0.558,8.5,1566.35,0,Frequent-regulars,Free shipping threshold reminder
C-01323,South Australia,search,none,hydration,23,13,1042.57,80.2,0.255,0.106,1,23,0.474,7.2,1407.47,0,Frequent-regulars,Free shipping threshold reminder
C-01324,Victoria,retail-store,none,packs,29,5,410.82,82.16,0.329,0.208,5,140,0.356,5.5,579.26,1,Lapsing-customers,Win-back offer with service recovery
C-01325,Tasmania,search,gold,recovery,22,12,1609.46,134.12,0.017,0.064,3,13,0.783,8.8,2156.68,0,High-value-loyalists,Loyalty upgrade with category cross-sell
C-01326,South Australia,referral,none,footwear,16,13,1056.72,81.29,0.2,0.06,2,26,0.496,8.3,1352.6,0,Frequent-regulars,Free shipping threshold reminder
C-01327,Tasmania,retail-store,none,apparel,2,3,255.94,85.31,0.228,0.079,2,22,0.717,7.9,291.77,0,Emerging-shoppers,Second-purchase education sequence
C-01328,Western Australia,retail-store,none,hydration,16,11,1001.96,91.09,0.277,0.082,3,28,0.516,9.5,1282.51,0,Frequent-regulars,Free shipping threshold reminder
C-01329,Queensland,paid-social,silver,recovery,34,18,1392.57,77.36,0.202,0.079,1,41,0.532,8.3,2033.15,0,Frequent-regulars,Free shipping threshold reminder
C-01330,South Australia,retail-store,gold,apparel,24,18,2385.08,132.5,0.049,0.099,1,15,0.616,7.9,3243.71,0,High-value-loyalists,Loyalty upgrade with category cross-sell
C-01331,South Australia,organic,none,footwear,10,10,790.53,79.05,0.115,0.077,2,40,0.527,7.1,964.45,0,Frequent-regulars,Free shipping threshold reminder
C-01332,New South Wales,referral,none,apparel,33,6,437.75,72.96,0.398,0.168,2,144,0.378,6.6,634.74,1,Lapsing-customers,Win-back offer with service recovery
C-01333,Tasmania,referral,none,accessories,18,15,1233.31,82.22,0.18,0.066,3,27,0.535,7.7,1603.3,0,Frequent-regulars,Free shipping threshold reminder
C-01334,New South Wales,paid-social,bronze,packs,23,6,427.7,71.28,0.259,0.204,0,86,0.135,7.1,577.39,0,Lapsing-customers,Win-back offer with service recovery
C-01335,Tasmania,referral,silver,recovery,38,27,4495.89,166.51,0.061,0.038,0,13,0.952,8.8,6743.83,0,VIP-loyalists,Early access and premium bundle
C-01336,Tasmania,referral,silver,camp,2,4,297.2,74.3,0.22,0.138,2,21,0.603,8.1,338.81,0,Emerging-shoppers,Second-purchase education sequence
C-01337,Queensland,referral,silver,footwear,18,7,506.3,72.33,0.318,0.147,2,146,0.15,5.9,658.19,0,Lapsing-customers,Win-back offer with service recovery
C-01338,Queensland,referral,gold,hydration,38,30,5108.06,170.27,0.031,0.061,0,4,0.98,9.1,7662.09,0,VIP-loyalists,Early access and premium bundle
C-01339,Victoria,organic,bronze,recovery,22,8,663.63,82.95,0.117,0.062,3,24,0.392,7.6,889.26,0,Frequent-regulars,Free shipping threshold reminder
C-01340,South Australia,paid-social,bronze,footwear,4,4,270.12,67.53,0.238,0.123,0,22,0.582,7.3,313.34,0,Emerging-shoppers,Second-purchase education sequence
C-01341,Tasmania,retail-store,silver,apparel,25,12,995.99,83,0.2,0.115,2,31,0.498,7.6,1364.51,0,Frequent-regulars,Free shipping threshold reminder
C-01342,Victoria,paid-social,silver,jackets,19,6,414.75,69.13,0.25,0.128,1,132,0.231,6,543.32,1,Lapsing-customers,Win-back offer with service recovery
C-01343,South Australia,referral,none,jackets,31,3,270.5,90.17,0.294,0.172,4,120,0.083,6.5,386.82,1,Lapsing-customers,Win-back offer with service recovery
C-01344,South Australia,referral,none,packs,20,11,1038.97,94.45,0.17,0.106,2,30,0.471,7.3,1371.44,0,Frequent-regulars,Free shipping threshold reminder
C-01345,Tasmania,search,none,accessories,19,9,757.23,84.14,0.167,0.077,0,33,0.502,6.4,991.97,0,Frequent-regulars,Free shipping threshold reminder
C-01346,Tasmania,referral,none,camp,19,9,750.94,83.44,0.086,0.088,1,36,0.665,7,983.73,0,Frequent-regulars,Free shipping threshold reminder
C-01347,New South Wales,retail-store,silver,recovery,26,14,1680.2,120.01,0.037,0.055,2,14,0.705,7.7,2318.68,0,High-value-loyalists,Loyalty upgrade with category cross-sell
C-01348,South Australia,retail-store,none,hydration,32,8,630.29,78.79,0.336,0.178,2,119,0.02,5.7,907.62,0,Lapsing-customers,Win-back offer with service recovery
C-01349,Western Australia,paid-social,silver,footwear,24,7,478.22,68.32,0.276,0.118,3,121,0.367,5,650.38,1,Lapsing-customers,Win-back offer with service recovery
C-01350,Queensland,paid-social,none,recovery,21,8,514.49,64.31,0.3,0.171,3,66,0.379,4.5,684.27,0,Lapsing-customers,Win-back offer with service recovery
C-01351,Tasmania,search,none,footwear,21,13,1169.7,89.98,0.196,0.089,0,32,0.678,8.9,1555.7,0,Frequent-regulars,Free shipping threshold reminder
C-01352,Western Australia,referral,silver,hydration,11,4,296.3,74.08,0.197,0.077,0,17,0.843,8.1,364.45,0,Emerging-shoppers,Second-purchase education sequence
C-01353,New South Wales,referral,none,recovery,21,5,401.14,80.23,0.273,0.099,4,122,0.152,6.4,533.52,1,Lapsing-customers,Win-back offer with service recovery
C-01354,Queensland,search,silver,packs,28,10,1327.06,132.71,0.127,0.098,0,23,0.627,9,1857.88,0,High-value-loyalists,Loyalty upgrade with category cross-sell
C-01355,Western Australia,search,none,apparel,27,6,446.06,74.34,0.377,0.158,2,100,0.038,6.4,620.02,1,Lapsing-customers,Win-back offer with service recovery
C-01356,Victoria,referral,bronze,apparel,20,12,1108.74,92.39,0.211,0.078,1,27,0.586,7.7,1463.54,0,Frequent-regulars,Free shipping threshold reminder
C-01357,New South Wales,paid-social,gold,accessories,38,28,4924.69,175.88,0.061,0.032,0,10,0.893,8.5,7387.04,0,VIP-loyalists,Early access and premium bundle
C-01358,New South Wales,organic,none,recovery,25,4,341.71,85.43,0.283,0.177,3,128,0.314,6.5,468.14,1,Lapsing-customers,Win-back offer with service recovery
C-01359,Queensland,paid-social,none,footwear,18,4,318.48,79.62,0.252,0.104,1,14,0.706,6.1,414.02,0,Emerging-shoppers,Second-purchase education sequence
C-01360,Queensland,organic,silver,accessories,22,20,2675.36,133.77,0.149,0.051,0,19,0.731,8.2,3584.98,0,High-value-loyalists,Loyalty upgrade with category cross-sell
C-01361,Tasmania,organic,bronze,recovery,32,4,325.3,81.32,0.285,0.122,3,158,0.12,5.5,468.43,1,Lapsing-customers,Win-back offer with service recovery
C-01362,New South Wales,organic,none,recovery,19,5,379.89,75.98,0.287,0.144,2,161,0.234,5.5,497.66,1,Lapsing-customers,Win-back offer with service recovery
C-01363,South Australia,referral,none,jackets,15,6,437.58,72.93,0.314,0.177,1,117,0.354,5.6,555.73,1,Lapsing-customers,Win-back offer with service recovery
C-01364,Queensland,organic,silver,camp,32,16,2106.96,131.69,0.15,0.035,2,20,0.718,8.1,3034.02,0,High-value-loyalists,Loyalty upgrade with category cross-sell
C-01365,Tasmania,organic,silver,accessories,25,24,4203.08,175.13,0.049,0.074,0,6,0.866,8.2,5758.22,1,VIP-loyalists,Early access and premium bundle
C-01366,Victoria,referral,bronze,recovery,30,11,874.81,79.53,0.174,0.091,1,35,0.808,8.8,1242.23,1,Frequent-regulars,Free shipping threshold reminder
C-01367,Western Australia,retail-store,silver,footwear,43,19,3295.41,173.44,0.017,0.06,3,5,0.944,10,5107.89,0,VIP-loyalists,Early access and premium bundle
C-01368,Tasmania,organic,none,hydration,25,7,539.91,77.13,0.323,0.185,1,126,0.143,4.9,739.68,1,Lapsing-customers,Win-back offer with service recovery
C-01369,Tasmania,search,silver,camp,35,20,3359.44,167.97,0.048,0.042,0,9,0.98,9.5,4938.38,0,VIP-loyalists,Early access and premium bundle
C-01370,Western Australia,paid-social,gold,packs,41,35,5629.79,160.85,0.042,0,0,12,0.895,8.7,8613.58,0,VIP-loyalists,Early access and premium bundle
C-01371,Tasmania,retail-store,gold,apparel,41,31,5062,163.29,0.059,0.046,0,7,0.87,8.3,7744.86,0,VIP-loyalists,Early access and premium bundle
C-01372,Tasmania,organic,bronze,apparel,2,2,141.02,70.51,0.268,0.172,0,27,0.685,6.6,160.76,0,Emerging-shoppers,Second-purchase education sequence
C-01373,Tasmania,search,silver,hydration,33,20,2587.28,129.36,0.077,0.154,0,22,0.886,8.3,3751.56,0,High-value-loyalists,Loyalty upgrade with category cross-sell
C-01374,New South Wales,retail-store,bronze,footwear,29,5,411.59,82.32,0.302,0.136,2,136,0.293,6,580.34,0,Lapsing-customers,Win-back offer with service recovery
C-01375,Queensland,organic,bronze,accessories,22,12,1073.14,89.43,0.263,0.047,1,31,0.736,6.7,1438.01,0,Frequent-regulars,Free shipping threshold reminder
C-01376,Tasmania,referral,gold,camp,27,29,4922.79,169.75,0.102,0,0,5,0.98,9.7,6842.68,0,VIP-loyalists,Early access and premium bundle
C-01377,New South Wales,search,bronze,apparel,11,4,324.35,81.09,0.282,0.073,0,23,0.502,5.6,398.95,0,Emerging-shoppers,Second-purchase education sequence
C-01378,New South Wales,referral,gold,recovery,32,14,1798.32,128.45,0.145,0.073,1,16,0.774,8.8,2589.58,0,High-value-loyalists,Loyalty upgrade with category cross-sell
C-01379,South Australia,organic,none,jackets,16,12,930.74,77.56,0.058,0.087,1,40,0.532,7.9,1191.35,0,Frequent-regulars,Free shipping threshold reminder
C-01380,Western Australia,paid-social,gold,apparel,39,24,3943.07,164.29,0.027,0.06,3,9,0.755,7.6,5954.04,0,VIP-loyalists,Early access and premium bundle
C-01381,Victoria,organic,gold,jackets,28,16,1941.44,121.34,0.156,0.054,1,28,0.739,8.6,2718.02,0,High-value-loyalists,Loyalty upgrade with category cross-sell
C-01382,Western Australia,search,bronze,camp,23,7,504.37,72.05,0.263,0.171,2,126,0.246,6.1,680.9,0,Lapsing-customers,Win-back offer with service recovery
C-01383,New South Wales,organic,none,packs,18,15,1347.17,89.81,0.127,0.055,2,35,0.637,7.5,1751.32,1,Frequent-regulars,Free shipping threshold reminder
C-01384,New South Wales,search,bronze,hydration,8,6,492.37,82.06,0.298,0.13,2,134,0.321,6.5,590.84,1,Lapsing-customers,Win-back offer with service recovery
C-01385,Victoria,organic,bronze,recovery,25,8,702.16,87.77,0.324,0.19,4,55,0.254,6.4,961.96,1,Lapsing-customers,Win-back offer with service recovery
C-01386,South Australia,search,silver,footwear,23,6,488.62,81.44,0.291,0.182,3,104,0.122,6,659.64,0,Lapsing-customers,Win-back offer with service recovery
C-01387,South Australia,paid-social,none,apparel,10,3,212.32,70.77,0.236,0.088,1,17,0.611,8,259.03,0,Emerging-shoppers,Second-purchase education sequence
C-01388,New South Wales,organic,silver,jackets,12,4,303.1,75.78,0.204,0.055,1,24,0.748,6.6,375.84,1,Emerging-shoppers,Second-purchase education sequence
C-01389,Queensland,organic,silver,camp,12,15,1125.2,75.01,0.252,0.084,0,28,0.55,7.5,1395.25,0,Frequent-regulars,Free shipping threshold reminder
C-01390,South Australia,organic,none,packs,23,16,1375,85.94,0.18,0.108,0,35,0.69,6.9,1856.25,0,Frequent-regulars,Free shipping threshold reminder
C-01391,Western Australia,referral,gold,apparel,31,13,1739.4,133.8,0.126,0.095,1,19,0.706,7,2487.34,0,High-value-loyalists,Loyalty upgrade with category cross-sell
C-01392,Western Australia,search,silver,packs,21,12,1015.47,84.62,0.2,0.091,0,40,0.574,7.7,1350.58,0,Frequent-regulars,Free shipping threshold reminder
C-01393,Tasmania,paid-social,none,hydration,21,8,654.94,81.87,0.189,0.143,3,39,0.451,7.8,871.07,0,Frequent-regulars,Free shipping threshold reminder
C-01394,South Australia,search,silver,accessories,16,11,914.99,83.18,0.177,0.1,2,36,0.565,7.9,1171.19,1,Frequent-regulars,Free shipping threshold reminder
C-01395,Tasmania,referral,none,footwear,22,13,1164.44,89.57,0.187,0.061,3,31,0.627,8.2,1560.35,0,Frequent-regulars,Free shipping threshold reminder
C-01396,Western Australia,retail-store,gold,jackets,28,21,3317.34,157.97,0.007,0.047,0,4,0.822,9,4644.28,0,VIP-loyalists,Early access and premium bundle
C-01397,Victoria,referral,none,camp,13,9,765.4,85.04,0.119,0.072,2,28,0.494,7.3,956.75,0,Frequent-regulars,Free shipping threshold reminder
C-01398,Victoria,referral,none,jackets,24,2,108.57,54.28,0.221,0.077,1,17,0.82,8,147.66,0,Emerging-shoppers,Second-purchase education sequence
C-01399,New South Wales,retail-store,none,hydration,25,7,624.41,89.2,0.24,0.031,3,30,0.528,7.8,855.44,0,Frequent-regulars,Free shipping threshold reminder
C-01400,Tasmania,retail-store,silver,jackets,32,16,2223.24,138.95,0.089,0.035,0,24,0.696,8.4,3201.47,0,High-value-loyalists,Loyalty upgrade with category cross-sell
C-01401,South Australia,paid-social,none,hydration,20,12,1037.54,86.46,0.209,0.062,1,31,0.807,6.8,1369.55,0,Frequent-regulars,Free shipping threshold reminder
C-01402,New South Wales,search,silver,accessories,25,6,454.62,75.77,0.23,0.179,2,143,0.234,6,622.83,0,Lapsing-customers,Win-back offer with service recovery
C-01403,South Australia,organic,silver,footwear,5,3,193.15,64.38,0.352,0.046,2,19,0.464,6.8,225.99,0,Emerging-shoppers,Second-purchase education sequence
C-01404,New South Wales,retail-store,none,hydration,34,4,226,56.5,0.336,0.154,2,123,0.17,5.4,329.96,1,Lapsing-customers,Win-back offer with service recovery
C-01405,South Australia,search,silver,accessories,16,28,3776.88,134.89,0.038,0.107,1,20,0.904,8.7,4834.41,0,High-value-loyalists,Loyalty upgrade with category cross-sell
C-01406,Queensland,organic,silver,recovery,30,23,2973.22,129.27,0.123,0.049,1,17,0.567,8.2,4221.97,0,High-value-loyalists,Loyalty upgrade with category cross-sell
C-01407,Victoria,referral,gold,packs,25,24,2880.03,120,0.078,0.094,2,18,0.789,8.6,3945.64,1,High-value-loyalists,Loyalty upgrade with category cross-sell
C-01408,Queensland,organic,silver,jackets,37,7,530.69,75.81,0.257,0.114,4,89,0.211,5.5,790.73,0,Lapsing-customers,Win-back offer with service recovery
C-01409,Tasmania,paid-social,silver,packs,29,5,408.96,81.79,0.33,0.145,3,198,0.158,5.5,576.63,0,Lapsing-customers,Win-back offer with service recovery
C-01410,Victoria,retail-store,bronze,jackets,12,14,1280.09,91.44,0.071,0.107,1,35,0.484,7.1,1587.31,0,Frequent-regulars,Free shipping threshold reminder
C-01411,Tasmania,paid-social,silver,accessories,48,26,4135.22,159.05,0.063,0.02,0,6,0.847,9.3,6616.35,0,VIP-loyalists,Early access and premium bundle
C-01412,Queensland,search,none,apparel,16,6,445.73,74.29,0.331,0.108,2,104,0.184,5,570.53,1,Lapsing-customers,Win-back offer with service recovery
C-01413,Queensland,organic,silver,apparel,29,27,4194.43,155.35,0.055,0.04,0,3,0.859,8.2,5914.15,0,VIP-loyalists,Early access and premium bundle
C-01414,Western Australia,retail-store,none,packs,13,16,1293.5,80.84,0.217,0.085,1,19,0.639,8.2,1616.88,0,Frequent-regulars,Free shipping threshold reminder
C-01415,Queensland,retail-store,none,recovery,23,6,470.09,78.35,0.227,0.219,1,129,0.194,4.8,634.62,0,Lapsing-customers,Win-back offer with service recovery
C-01416,Victoria,retail-store,gold,footwear,38,23,3675.82,159.82,0.073,0.052,1,8,0.81,9.2,5513.73,0,VIP-loyalists,Early access and premium bundle
C-01417,New South Wales,search,silver,apparel,38,34,5596.53,164.6,0.091,0.05,0,3,0.717,7.9,8394.8,0,VIP-loyalists,Early access and premium bundle
C-01418,Victoria,paid-social,none,apparel,14,2,162.16,81.08,0.195,0.182,3,24,0.737,8,204.32,0,Emerging-shoppers,Second-purchase education sequence
C-01419,Queensland,search,none,footwear,18,11,984.43,89.49,0.162,0.121,0,29,0.512,8.3,1279.76,0,Frequent-regulars,Free shipping threshold reminder
C-01420,South Australia,retail-store,silver,jackets,2,4,312.09,78.02,0.251,0.11,1,23,0.583,7.5,355.78,0,Emerging-shoppers,Second-purchase education sequence
C-01421,Queensland,search,none,recovery,25,11,935.9,85.08,0.169,0,0,31,0.58,7,1282.18,0,Frequent-regulars,Free shipping threshold reminder
C-01422,Victoria,referral,silver,camp,41,26,3989.62,153.45,0.146,0.044,3,10,0.787,10,6104.12,0,VIP-loyalists,Early access and premium bundle
C-01423,Queensland,organic,silver,jackets,29,12,1015.25,84.6,0.188,0.094,1,21,0.581,8.7,1431.5,0,Frequent-regulars,Free shipping threshold reminder
C-01424,South Australia,search,gold,accessories,37,24,4079.16,169.97,0.131,0.039,1,7,0.909,8.5,6077.95,0,VIP-loyalists,Early access and premium bundle
C-01425,Queensland,paid-social,none,recovery,24,17,1360.8,80.05,0.242,0.069,1,42,0.624,7.1,1850.69,0,Frequent-regulars,Free shipping threshold reminder
C-01426,Western Australia,paid-social,none,recovery,17,14,1157.07,82.65,0.188,0.063,2,28,0.489,8.6,1492.62,0,Frequent-regulars,Free shipping threshold reminder
C-01427,Victoria,retail-store,silver,jackets,23,5,471.71,94.34,0.315,0.173,1,111,0.159,5.2,636.81,1,Lapsing-customers,Win-back offer with service recovery
C-01428,New South Wales,retail-store,bronze,hydration,16,6,430.48,71.75,0.286,0.159,2,134,0.174,6.1,551.01,1,Lapsing-customers,Win-back offer with service recovery
C-01429,New South Wales,organic,silver,hydration,16,16,1456.69,91.04,0.243,0.05,2,34,0.662,6.8,1864.56,1,Frequent-regulars,Free shipping threshold reminder
C-01430,New South Wales,search,bronze,packs,28,8,635.06,79.38,0.151,0.093,0,27,0.632,7.8,889.08,0,Frequent-regulars,Free shipping threshold reminder
C-01431,South Australia,referral,none,camp,12,15,1223.43,81.56,0.317,0.058,1,38,0.627,5.6,1517.05,0,Frequent-regulars,Free shipping threshold reminder
C-01432,South Australia,organic,gold,hydration,33,27,4578.59,169.58,0.082,0.09,1,11,0.933,8.8,6638.96,0,VIP-loyalists,Early access and premium bundle
C-01433,New South Wales,referral,silver,apparel,2,4,271.5,67.88,0.258,0.102,0,23,0.611,8.6,309.51,0,Emerging-shoppers,Second-purchase education sequence
C-01434,Queensland,retail-store,silver,jackets,21,12,897.38,74.78,0.198,0.057,1,31,0.671,6.9,1193.52,1,Frequent-regulars,Free shipping threshold reminder
C-01435,Queensland,referral,gold,hydration,19,16,2013.79,125.86,0.142,0.108,3,22,0.726,7.5,2638.06,0,High-value-loyalists,Loyalty upgrade with category cross-sell
C-01436,South Australia,referral,none,camp,8,5,355.88,71.18,0.125,0.043,1,19,0.444,7.9,427.06,0,Emerging-shoppers,Second-purchase education sequence
C-01437,Victoria,referral,none,recovery,24,8,623.47,77.93,0.292,0.158,2,91,0.41,5.7,847.92,1,Lapsing-customers,Win-back offer with service recovery
C-01438,South Australia,organic,none,apparel,20,13,1058.85,81.45,0.153,0.071,1,34,0.503,7.5,1397.68,0,Frequent-regulars,Free shipping threshold reminder
C-01439,Victoria,retail-store,silver,packs,22,18,2426.64,134.81,0.091,0.068,1,20,0.771,8.9,3251.7,0,High-value-loyalists,Loyalty upgrade with category cross-sell
C-01440,Tasmania,paid-social,silver,jackets,23,19,2553.58,134.4,0.104,0.093,0,14,0.705,9.6,3447.33,0,High-value-loyalists,Loyalty upgrade with category cross-sell
C-01441,Queensland,referral,silver,accessories,28,6,469.44,78.24,0.339,0.142,3,112,0.251,6,657.22,1,Lapsing-customers,Win-back offer with service recovery
C-01442,Western Australia,search,silver,footwear,19,15,1282.62,85.51,0.231,0.055,1,42,0.654,7.1,1680.23,0,Frequent-regulars,Free shipping threshold reminder
C-01443,Western Australia,retail-store,silver,accessories,20,11,832.98,75.73,0.156,0.07,1,24,0.546,7.1,1099.53,0,Frequent-regulars,Free shipping threshold reminder
C-01444,South Australia,retail-store,none,packs,11,5,362.45,72.49,0.253,0.087,0,16,0.382,8.4,445.81,0,Emerging-shoppers,Second-purchase education sequence
C-01445,South Australia,referral,silver,camp,40,19,2988.05,157.27,0.078,0.051,1,12,0.778,9.6,4541.84,0,VIP-loyalists,Early access and premium bundle
C-01446,Victoria,search,silver,packs,10,3,196.98,65.66,0.179,0.133,2,18,0.699,7.8,240.32,0,Emerging-shoppers,Second-purchase education sequence
C-01447,Queensland,search,bronze,footwear,20,8,639.41,79.93,0.239,0.233,3,130,0.234,5.2,844.02,1,Lapsing-customers,Win-back offer with service recovery
C-01448,South Australia,paid-social,silver,footwear,38,16,2157.88,134.87,0.061,0.043,2,14,0.713,7.8,3236.82,0,High-value-loyalists,Loyalty upgrade with category cross-sell
C-01449,South Australia,paid-social,none,hydration,8,4,230.55,57.64,0.243,0.131,0,19,0.565,8.1,276.66,0,Emerging-shoppers,Second-purchase education sequence
C-01450,Victoria,organic,silver,camp,33,25,3513.01,140.52,0.155,0,1,19,0.709,8.1,5093.86,0,High-value-loyalists,Loyalty upgrade with category cross-sell
C-01451,New South Wales,referral,silver,apparel,3,4,255.4,63.85,0.171,0.064,1,18,0.606,7.8,293.71,0,Emerging-shoppers,Second-purchase education sequence
C-01452,New South Wales,referral,bronze,packs,9,4,308.15,77.04,0.239,0.096,2,15,0.705,7.8,372.86,0,Emerging-shoppers,Second-purchase education sequence
C-01453,Queensland,retail-store,none,jackets,24,15,1347.67,89.84,0.159,0.022,2,37,0.686,7,1832.83,1,Frequent-regulars,Free shipping threshold reminder
C-01454,South Australia,search,silver,footwear,29,16,1965.7,122.86,0.01,0.04,0,19,0.757,9,2771.64,0,High-value-loyalists,Loyalty upgrade with category cross-sell
C-01455,Tasmania,search,bronze,jackets,25,5,391.55,78.31,0.241,0.122,2,113,0.03,6.5,536.42,1,Lapsing-customers,Win-back offer with service recovery
C-01456,New South Wales,retail-store,silver,accessories,32,10,819.98,82,0.204,0.052,3,36,0.593,7.9,1180.77,0,Frequent-regulars,Free shipping threshold reminder
C-01457,New South Wales,paid-social,bronze,hydration,22,13,1128.84,86.83,0.226,0.034,2,35,0.628,8,1512.65,0,Frequent-regulars,Free shipping threshold reminder
C-01458,Tasmania,search,none,accessories,23,15,1195.12,79.67,0.127,0.076,4,22,0.549,8,1613.41,0,Frequent-regulars,Free shipping threshold reminder
C-01459,South Australia,organic,silver,recovery,29,6,426.34,71.06,0.259,0.134,0,139,0.112,5,601.14,1,Lapsing-customers,Win-back offer with service recovery
C-01460,New South Wales,organic,bronze,footwear,5,4,232.86,58.22,0.249,0.098,0,18,0.523,8.8,272.45,1,Emerging-shoppers,Second-purchase education sequence
C-01461,Tasmania,search,none,recovery,9,6,386.25,64.38,0.183,0.147,2,17,0.639,8,467.36,1,Emerging-shoppers,Second-purchase education sequence
C-01462,Victoria,referral,none,accessories,18,3,192.78,64.26,0.286,0.164,2,76,0.305,6,250.61,0,Lapsing-customers,Win-back offer with service recovery
C-01463,Queensland,paid-social,gold,accessories,38,19,3101.98,163.26,0.064,0.049,0,6,0.754,8,4652.97,0,VIP-loyalists,Early access and premium bundle
C-01464,Victoria,search,none,camp,10,5,398.22,79.64,0.289,0.132,1,25,0.648,6.9,485.83,0,Emerging-shoppers,Second-purchase education sequence
C-01465,Tasmania,search,silver,apparel,30,18,2433.15,135.18,0.074,0.066,1,14,0.799,6.9,3455.07,0,High-value-loyalists,Loyalty upgrade with category cross-sell
C-01466,Queensland,referral,silver,footwear,41,24,3957.95,164.91,0.132,0.017,0,12,0.797,8.4,6055.66,0,VIP-loyalists,Early access and premium bundle
C-01467,Tasmania,organic,none,footwear,2,3,198.31,66.1,0.267,0.135,0,16,0.519,7.9,226.07,0,Emerging-shoppers,Second-purchase education sequence
C-01468,Victoria,referral,none,camp,25,5,305.78,61.16,0.383,0.167,3,70,0.16,5.5,418.92,0,Lapsing-customers,Win-back offer with service recovery
C-01469,Queensland,retail-store,silver,apparel,2,3,169.28,56.43,0.286,0.111,1,25,0.606,7.7,192.98,0,Emerging-shoppers,Second-purchase education sequence
C-01470,Queensland,retail-store,none,accessories,7,1,41.27,41.27,0.25,0.101,2,24,0.749,9.6,49.11,0,Emerging-shoppers,Second-purchase education sequence
C-01471,Victoria,organic,none,apparel,20,7,541.98,77.43,0.292,0.169,1,88,0.139,6,715.41,1,Lapsing-customers,Win-back offer with service recovery
C-01472,Tasmania,referral,silver,footwear,25,19,2418.23,127.28,0.194,0.076,2,16,0.81,7.6,3312.98,0,High-value-loyalists,Loyalty upgrade with category cross-sell
C-01473,Victoria,referral,none,packs,7,4,261.56,65.39,0.143,0.08,1,17,0.64,8,311.26,0,Emerging-shoppers,Second-purchase education sequence
C-01474,South Australia,referral,none,packs,30,9,651.31,72.37,0.39,0.172,3,156,0.247,5.5,924.86,1,Lapsing-customers,Win-back offer with service recovery
C-01475,South Australia,referral,silver,apparel,47,19,2653.27,139.65,0.049,0.098,2,24,0.811,7,4218.7,0,High-value-loyalists,Loyalty upgrade with category cross-sell
C-01476,Western Australia,organic,none,camp,2,3,201.16,67.05,0.213,0.062,1,24,0.822,7.9,229.32,0,Emerging-shoppers,Second-purchase education sequence
C-01477,Tasmania,organic,bronze,footwear,19,13,1011.41,77.8,0.226,0.057,2,31,0.522,6.1,1324.95,0,Frequent-regulars,Free shipping threshold reminder
C-01478,New South Wales,retail-store,bronze,footwear,31,4,287.31,71.83,0.312,0.205,4,133,0.08,6.8,410.85,1,Lapsing-customers,Win-back offer with service recovery
C-01479,New South Wales,search,bronze,hydration,16,8,780.64,97.58,0.112,0.101,1,33,0.606,7.9,999.22,0,Frequent-regulars,Free shipping threshold reminder
C-01480,Tasmania,paid-social,gold,hydration,25,30,4660.39,155.35,0.164,0.034,0,9,0.963,9,6384.73,0,VIP-loyalists,Early access and premium bundle
C-01481,Victoria,search,none,footwear,6,6,391.59,65.27,0.173,0.093,1,24,0.611,6.7,462.08,0,Emerging-shoppers,Second-purchase education sequence
C-01482,Queensland,referral,silver,accessories,23,17,2305.42,135.61,0.093,0,0,18,0.763,8.5,3112.32,0,High-value-loyalists,Loyalty upgrade with category cross-sell
C-01483,South Australia,search,none,jackets,16,10,888.3,88.83,0.14,0.148,1,26,0.523,6.5,1137.02,0,Frequent-regulars,Free shipping threshold reminder
C-01484,South Australia,organic,none,accessories,5,3,240.98,80.33,0.207,0.073,1,25,0.621,7.2,281.95,0,Emerging-shoppers,Second-purchase education sequence
C-01485,Queensland,search,none,hydration,13,2,155.61,77.81,0.191,0.059,0,17,0.498,6.4,194.51,0,Emerging-shoppers,Second-purchase education sequence
C-01486,Tasmania,search,silver,hydration,17,13,1115.56,85.81,0.212,0.043,0,34,0.54,7.2,1439.07,0,Frequent-regulars,Free shipping threshold reminder
C-01487,Tasmania,search,none,apparel,27,12,1083.75,90.31,0.096,0.063,0,39,0.688,7.3,1506.41,0,Frequent-regulars,Free shipping threshold reminder
C-01488,Victoria,retail-store,silver,camp,24,6,385,64.17,0.289,0.214,3,138,0.063,6.3,523.6,1,Lapsing-customers,Win-back offer with service recovery
C-01489,Western Australia,organic,gold,footwear,40,23,3764.01,163.65,0,0.062,1,4,0.843,9,5721.3,0,VIP-loyalists,Early access and premium bundle
C-01490,Western Australia,paid-social,none,camp,24,14,1145.42,81.82,0.313,0.05,0,21,0.477,9.6,1557.77,0,Frequent-regulars,Free shipping threshold reminder
C-01491,Western Australia,retail-store,silver,apparel,33,5,388.76,77.75,0.276,0.213,4,119,0.207,5.1,563.7,1,Lapsing-customers,Win-back offer with service recovery
C-01492,New South Wales,retail-store,gold,apparel,34,25,4145.85,165.83,0.029,0.01,1,5,0.974,8.3,6052.94,0,VIP-loyalists,Early access and premium bundle
C-01493,Queensland,retail-store,silver,packs,27,22,2755.78,125.26,0.11,0.075,1,9,0.87,9.5,3830.53,0,High-value-loyalists,Loyalty upgrade with category cross-sell
C-01494,South Australia,paid-social,none,apparel,28,9,784.15,87.13,0.268,0.025,1,25,0.408,8.4,1097.81,0,Frequent-regulars,Free shipping threshold reminder
C-01495,South Australia,paid-social,silver,footwear,7,4,303.44,75.86,0.168,0.115,0,25,0.554,9.3,361.09,1,Emerging-shoppers,Second-purchase education sequence
C-01496,Tasmania,referral,silver,hydration,5,6,469.8,78.3,0.266,0.086,1,19,0.748,6.9,549.67,0,Emerging-shoppers,Second-purchase education sequence
C-01497,South Australia,retail-store,silver,packs,29,19,2532.5,133.29,0.061,0.085,1,21,0.706,9,3570.83,0,High-value-loyalists,Loyalty upgrade with category cross-sell
C-01498,Tasmania,paid-social,bronze,accessories,28,14,1217.52,86.97,0.149,0.069,1,29,0.487,7.2,1704.53,0,Frequent-regulars,Free shipping threshold reminder
C-01499,Queensland,search,none,hydration,14,12,1061.24,88.44,0.199,0.132,1,40,0.524,6.9,1337.16,0,Frequent-regulars,Free shipping threshold reminder
C-01500,Tasmania,search,none,apparel,30,6,440.05,73.34,0.291,0.134,4,143,0.187,5.7,624.87,1,Lapsing-customers,Win-back offer with service recovery
C-01501,Western Australia,paid-social,none,accessories,11,4,273.92,68.48,0.267,0.085,0,19,0.705,7.7,336.92,0,Emerging-shoppers,Second-purchase education sequence
C-01502,Tasmania,referral,gold,recovery,34,17,2355.77,138.57,0.125,0.022,1,16,0.522,7.3,3439.42,0,High-value-loyalists,Loyalty upgrade with category cross-sell
C-01503,New South Wales,referral,none,jackets,18,11,1007.13,91.56,0.123,0.077,2,35,0.735,7.3,1309.27,0,Frequent-regulars,Free shipping threshold reminder
C-01504,Western Australia,retail-store,gold,accessories,28,38,6510.87,171.34,0.121,0.027,0,6,0.807,9.1,9115.22,0,VIP-loyalists,Early access and premium bundle
C-01505,Queensland,paid-social,silver,accessories,28,21,2678.25,127.54,0.092,0.059,4,23,0.79,9.1,3749.55,0,High-value-loyalists,Loyalty upgrade with category cross-sell
C-01506,South Australia,search,silver,footwear,9,7,564.27,80.61,0.232,0.144,1,25,0.612,8.4,682.77,0,Emerging-shoppers,Second-purchase education sequence
C-01507,South Australia,referral,gold,jackets,34,20,2649.68,132.48,0.028,0.04,1,18,0.893,7.8,3868.53,0,High-value-loyalists,Loyalty upgrade with category cross-sell
C-01508,South Australia,retail-store,bronze,hydration,25,5,364.07,72.81,0.35,0.091,4,93,0.07,6.9,498.78,1,Lapsing-customers,Win-back offer with service recovery
C-01509,Queensland,referral,gold,hydration,22,18,2523.93,140.22,0.013,0.04,0,14,0.692,7.4,3382.07,0,High-value-loyalists,Loyalty upgrade with category cross-sell
C-01510,New South Wales,search,bronze,footwear,11,8,625.3,78.16,0.161,0.104,0,21,0.56,8.3,769.12,0,Emerging-shoppers,Second-purchase education sequence
C-01511,Queensland,retail-store,bronze,camp,10,3,172.79,57.6,0.245,0.126,1,28,0.631,8.8,210.8,1,Emerging-shoppers,Second-purchase education sequence
C-01512,Victoria,paid-social,silver,packs,16,18,2580.99,143.39,0.198,0.096,1,19,0.737,8.1,3303.67,0,High-value-loyalists,Loyalty upgrade with category cross-sell
C-01513,South Australia,paid-social,silver,packs,7,3,201.33,67.11,0.14,0.062,2,19,0.677,7,239.58,1,Emerging-shoppers,Second-purchase education sequence
C-01514,New South Wales,referral,none,footwear,2,4,251.13,62.78,0.229,0.137,0,19,0.503,7.4,286.29,0,Emerging-shoppers,Second-purchase education sequence
C-01515,Tasmania,paid-social,bronze,packs,22,11,990.35,90.03,0.193,0.114,2,23,0.545,7.8,1327.07,0,Frequent-regulars,Free shipping threshold reminder
C-01516,New South Wales,retail-store,bronze,hydration,9,6,391.42,65.24,0.157,0.083,0,23,0.593,8.1,473.62,0,Emerging-shoppers,Second-purchase education sequence
C-01517,South Australia,referral,silver,hydration,37,17,3165.31,186.19,0.11,0.027,2,8,0.901,9.1,4716.31,1,VIP-loyalists,Early access and premium bundle
C-01518,Victoria,paid-social,bronze,recovery,32,12,961.53,80.13,0.186,0.085,0,31,0.541,8.1,1384.6,0,Frequent-regulars,Free shipping threshold reminder
C-01519,South Australia,organic,silver,footwear,30,25,3318.71,132.75,0.127,0.033,1,18,0.79,9.4,4712.57,0,High-value-loyalists,Loyalty upgrade with category cross-sell
C-01520,Victoria,retail-store,silver,apparel,22,15,1837.64,122.51,0.188,0.056,2,18,0.72,8.7,2462.44,0,High-value-loyalists,Loyalty upgrade with category cross-sell
C-01521,Victoria,retail-store,gold,hydration,20,21,2637.37,125.59,0.096,0.071,1,25,0.609,7.8,3481.33,0,High-value-loyalists,Loyalty upgrade with category cross-sell
C-01522,New South Wales,paid-social,none,footwear,29,6,426.05,71.01,0.286,0.164,3,130,0.155,6.8,600.73,1,Lapsing-customers,Win-back offer with service recovery
C-01523,Queensland,retail-store,silver,packs,2,4,324.27,81.07,0.208,0.109,1,19,0.757,7.3,369.67,0,Emerging-shoppers,Second-purchase education sequence
C-01524,South Australia,referral,none,packs,26,7,533.24,76.18,0.343,0.19,2,147,0.225,5.5,735.87,1,Lapsing-customers,Win-back offer with service recovery
C-01525,Victoria,referral,silver,accessories,26,8,614.62,76.83,0.303,0.144,2,115,0.26,5.7,848.18,1,Lapsing-customers,Win-back offer with service recovery
C-01526,Western Australia,referral,silver,hydration,35,29,5275.4,181.91,0.106,0.056,1,1,0.741,9.8,7754.84,0,VIP-loyalists,Early access and premium bundle
C-01527,Western Australia,retail-store,silver,apparel,32,10,776.28,77.63,0.313,0.198,2,143,0.265,5.2,1117.84,1,Lapsing-customers,Win-back offer with service recovery
C-01528,Victoria,organic,none,camp,38,9,814.2,90.47,0.159,0.043,0,29,0.542,8.1,1221.3,0,Frequent-regulars,Free shipping threshold reminder
C-01529,Victoria,paid-social,silver,accessories,30,12,1703.2,141.93,0.054,0.038,1,16,0.751,9.3,2418.54,0,High-value-loyalists,Loyalty upgrade with category cross-sell
C-01530,Tasmania,paid-social,bronze,camp,4,4,249.21,62.3,0.28,0.109,2,24,0.684,8.5,289.08,0,Emerging-shoppers,Second-purchase education sequence
C-01531,South Australia,organic,bronze,apparel,24,7,560.46,80.07,0.28,0.147,1,166,0.215,6,762.23,1,Lapsing-customers,Win-back offer with service recovery
C-01532,Tasmania,organic,silver,packs,19,20,2621.63,131.08,0.092,0.07,0,12,0.82,8.4,3434.34,0,High-value-loyalists,Loyalty upgrade with category cross-sell
C-01533,Western Australia,search,bronze,packs,30,15,1201.97,80.13,0.209,0.111,1,32,0.501,8.4,1706.8,0,Frequent-regulars,Free shipping threshold reminder
C-01534,Victoria,paid-social,bronze,recovery,27,5,313.69,62.74,0.281,0.214,3,86,0.197,6.6,436.03,1,Lapsing-customers,Win-back offer with service recovery
C-01535,Tasmania,search,bronze,apparel,28,14,1257.57,89.83,0.213,0.089,1,24,0.684,7.4,1760.6,1,Frequent-regulars,Free shipping threshold reminder
C-01536,South Australia,organic,none,jackets,24,9,782.73,86.97,0.18,0.007,0,37,0.45,7,1064.51,0,Frequent-regulars,Free shipping threshold reminder
C-01537,Queensland,retail-store,silver,accessories,22,13,1029.85,79.22,0.21,0.099,1,36,0.593,7.7,1380,0,Frequent-regulars,Free shipping threshold reminder
C-01538,South Australia,organic,none,hydration,29,4,277.87,69.47,0.34,0.137,2,141,0.172,6,391.8,1,Lapsing-customers,Win-back offer with service recovery
C-01539,Western Australia,search,bronze,recovery,28,3,218.15,72.72,0.397,0.216,1,69,0.215,6.7,305.41,1,Lapsing-customers,Win-back offer with service recovery
C-01540,Victoria,retail-store,silver,recovery,52,34,6057.28,178.16,0.108,0.049,0,3,0.84,9.8,9933.94,0,VIP-loyalists,Early access and premium bundle
C-01541,Tasmania,paid-social,bronze,recovery,18,12,989.95,82.5,0.147,0.029,2,40,0.514,8.2,1286.93,0,Frequent-regulars,Free shipping threshold reminder
C-01542,Victoria,organic,none,footwear,9,5,396.34,79.27,0.277,0.126,0,26,0.536,8.4,479.57,0,Emerging-shoppers,Second-purchase education sequence
C-01543,Queensland,search,bronze,accessories,22,6,500.07,83.34,0.3,0.14,3,136,0.02,6.6,670.09,1,Lapsing-customers,Win-back offer with service recovery
C-01544,Western Australia,organic,gold,apparel,33,19,3295.87,173.47,0,0,1,10,0.664,9.3,4779.01,0,VIP-loyalists,Early access and premium bundle
C-01545,Tasmania,referral,none,camp,18,14,1173.26,83.8,0.166,0.097,0,30,0.709,7.3,1525.24,0,Frequent-regulars,Free shipping threshold reminder
C-01546,Western Australia,organic,bronze,accessories,21,5,348.82,69.76,0.445,0.18,3,91,0.239,6.5,463.93,0,Lapsing-customers,Win-back offer with service recovery
C-01547,South Australia,search,none,apparel,5,6,409.07,68.18,0.286,0.084,1,17,0.604,7,478.61,0,Emerging-shoppers,Second-purchase education sequence
C-01548,Queensland,search,none,recovery,5,5,308.9,61.78,0.229,0.14,2,19,0.551,7.3,361.41,0,Emerging-shoppers,Second-purchase education sequence
C-01549,Western Australia,paid-social,none,packs,15,5,390.59,78.12,0.239,0.104,1,24,0.607,8.3,496.05,0,Emerging-shoppers,Second-purchase education sequence
C-01550,Queensland,paid-social,silver,packs,38,19,2506.6,131.93,0.047,0.064,1,20,0.813,7.2,3759.9,0,High-value-loyalists,Loyalty upgrade with category cross-sell
C-01551,Western Australia,paid-social,none,footwear,23,13,1065.81,81.99,0.238,0.122,2,17,0.704,8.2,1438.84,0,Frequent-regulars,Free shipping threshold reminder
C-01552,South Australia,organic,none,hydration,27,5,392.85,78.57,0.353,0.145,5,105,0.188,5.4,546.06,0,Lapsing-customers,Win-back offer with service recovery
C-01553,Western Australia,organic,gold,recovery,28,19,2294.85,120.78,0,0.061,2,15,0.53,7.5,3212.79,0,High-value-loyalists,Loyalty upgrade with category cross-sell
C-01554,Queensland,referral,silver,hydration,34,7,543.75,77.68,0.287,0.15,2,119,0.02,5,793.88,0,Lapsing-customers,Win-back offer with service recovery
C-01555,Queensland,paid-social,silver,recovery,28,31,5113.57,164.95,0,0,3,3,0.823,10,7159,0,VIP-loyalists,Early access and premium bundle
C-01556,Western Australia,paid-social,silver,footwear,9,5,373.94,74.79,0.194,0.046,0,20,0.592,7.9,452.47,0,Emerging-shoppers,Second-purchase education sequence
C-01557,New South Wales,search,bronze,camp,10,6,416.66,69.44,0.159,0.087,0,17,0.733,9.6,508.33,0,Emerging-shoppers,Second-purchase education sequence
C-01558,Tasmania,paid-social,silver,footwear,19,3,172.53,57.51,0.33,0.12,2,103,0.202,5.7,226.01,0,Lapsing-customers,Win-back offer with service recovery
C-01559,Western Australia,paid-social,gold,packs,23,16,2109.59,131.85,0.135,0.077,1,13,0.542,8.9,2847.95,0,High-value-loyalists,Loyalty upgrade with category cross-sell
C-01560,South Australia,retail-store,gold,jackets,34,22,3305.81,150.26,0.094,0.058,0,1,0.747,8.9,4826.48,0,VIP-loyalists,Early access and premium bundle
C-01561,Victoria,search,silver,packs,18,21,2949.51,140.45,0.33,0.028,1,11,0.683,9.7,3834.36,0,High-value-loyalists,Loyalty upgrade with category cross-sell
C-01562,New South Wales,search,none,recovery,26,8,578.33,72.29,0.316,0.169,2,117,0.22,6.8,798.1,1,Lapsing-customers,Win-back offer with service recovery
C-01563,Western Australia,referral,gold,footwear,33,27,4439.76,164.44,0.06,0.059,1,7,0.874,9.4,6437.65,0,VIP-loyalists,Early access and premium bundle
C-01564,Tasmania,paid-social,none,recovery,6,4,317.59,79.4,0.231,0.057,0,19,0.557,8.6,374.76,0,Emerging-shoppers,Second-purchase education sequence
C-01565,Western Australia,referral,silver,jackets,22,13,1175.5,90.42,0.24,0.084,2,32,0.534,7.8,1575.17,0,Frequent-regulars,Free shipping threshold reminder
C-01566,New South Wales,retail-store,silver,apparel,35,28,4614.53,164.8,0.141,0.054,0,2,0.713,8.1,6783.36,0,VIP-loyalists,Early access and premium bundle
C-01567,New South Wales,paid-social,silver,footwear,17,7,602.24,86.03,0.301,0.105,1,128,0.216,6.3,776.89,1,Lapsing-customers,Win-back offer with service recovery
C-01568,South Australia,search,silver,accessories,21,6,451.27,75.21,0.232,0.224,2,136,0.108,4.9,600.19,1,Lapsing-customers,Win-back offer with service recovery
C-01569,South Australia,organic,none,hydration,22,7,559.25,79.89,0.324,0.145,3,130,0.252,4.7,749.4,1,Lapsing-customers,Win-back offer with service recovery
C-01570,Victoria,organic,silver,apparel,2,4,236.95,59.24,0.286,0.114,1,19,0.779,7.9,270.12,0,Emerging-shoppers,Second-purchase education sequence
C-01571,Queensland,paid-social,bronze,apparel,36,12,1051.72,87.64,0.207,0.074,0,36,0.555,7.9,1556.55,0,Frequent-regulars,Free shipping threshold reminder
C-01572,Queensland,search,bronze,packs,8,4,285.56,71.39,0.205,0.056,2,20,0.644,7.2,342.67,0,Emerging-shoppers,Second-purchase education sequence
C-01573,Western Australia,paid-social,silver,accessories,21,2,179.55,89.78,0.334,0.178,1,152,0.02,5,238.8,0,Lapsing-customers,Win-back offer with service recovery
C-01574,Tasmania,search,none,apparel,4,1,73.2,73.2,0.253,0.037,1,22,0.654,5.8,84.91,0,Emerging-shoppers,Second-purchase education sequence
C-01575,Victoria,paid-social,none,camp,19,5,374.69,74.94,0.302,0.182,3,80,0.238,5.9,490.84,1,Lapsing-customers,Win-back offer with service recovery
C-01576,New South Wales,retail-store,none,jackets,28,13,1109.58,85.35,0.213,0.094,3,34,0.68,8.5,1553.41,0,Frequent-regulars,Free shipping threshold reminder
C-01577,Western Australia,referral,none,jackets,18,5,374.88,74.98,0.216,0.166,1,153,0.436,5,487.34,1,Lapsing-customers,Win-back offer with service recovery
C-01578,Western Australia,organic,silver,jackets,32,26,4317.15,166.04,0.082,0.028,1,12,0.915,8.2,6216.7,0,VIP-loyalists,Early access and premium bundle
C-01579,Western Australia,referral,gold,recovery,32,33,5419.82,164.24,0.092,0.045,0,14,0.98,9,7804.54,0,VIP-loyalists,Early access and premium bundle
C-01580,Western Australia,search,silver,packs,45,27,4690.29,173.71,0.133,0.024,0,10,0.699,9.5,7363.76,0,VIP-loyalists,Early access and premium bundle
C-01581,Queensland,organic,silver,apparel,22,4,249.5,62.37,0.188,0.206,0,109,0.264,5.2,334.33,0,Lapsing-customers,Win-back offer with service recovery
C-01582,Victoria,retail-store,silver,footwear,37,26,4723.31,181.67,0.098,0.139,1,11,0.729,9.3,7037.73,0,VIP-loyalists,Early access and premium bundle
C-01583,New South Wales,search,silver,recovery,36,17,2269.23,133.48,0.112,0.072,1,19,0.651,8.1,3358.46,0,High-value-loyalists,Loyalty upgrade with category cross-sell
C-01584,Queensland,paid-social,silver,accessories,23,9,748.93,83.21,0.056,0.063,0,31,0.667,7.5,1011.06,0,Frequent-regulars,Free shipping threshold reminder
C-01585,Western Australia,paid-social,none,packs,28,6,481.23,80.2,0.369,0.191,2,113,0.263,6.3,673.72,0,Lapsing-customers,Win-back offer with service recovery
C-01586,Victoria,referral,none,recovery,3,3,221.74,73.91,0.275,0.141,0,22,0.719,6.2,255,0,Emerging-shoppers,Second-purchase education sequence
C-01587,New South Wales,referral,silver,recovery,12,4,311.9,77.97,0.232,0.093,1,19,0.648,7.5,386.76,1,Emerging-shoppers,Second-purchase education sequence
C-01588,Tasmania,paid-social,silver,accessories,13,6,399.89,66.65,0.21,0.051,2,23,0.68,8.9,499.86,0,Emerging-shoppers,Second-purchase education sequence
C-01589,Western Australia,referral,bronze,packs,22,14,1120.11,80.01,0.218,0.035,1,33,0.46,7.5,1500.95,0,Frequent-regulars,Free shipping threshold reminder
C-01590,Tasmania,organic,silver,apparel,5,5,315.88,63.18,0.251,0.113,2,24,0.669,9.8,369.58,1,Emerging-shoppers,Second-purchase education sequence
C-01591,Western Australia,organic,silver,camp,25,13,1127.92,86.76,0.208,0,1,32,0.569,7,1545.25,0,Frequent-regulars,Free shipping threshold reminder
C-01592,Western Australia,search,silver,recovery,36,27,4617.23,171.01,0.022,0.018,1,9,0.98,10,6833.5,0,VIP-loyalists,Early access and premium bundle
C-01593,Queensland,paid-social,silver,packs,27,9,751.22,83.47,0.367,0.105,2,139,0.147,6.7,1044.2,1,Lapsing-customers,Win-back offer with service recovery
C-01594,Western Australia,referral,none,jackets,28,5,371.79,74.36,0.22,0.145,4,109,0.149,5.5,520.51,0,Lapsing-customers,Win-back offer with service recovery
C-01595,Victoria,referral,silver,footwear,22,23,2962.86,128.82,0.142,0.103,0,14,0.625,9.3,3970.23,0,High-value-loyalists,Loyalty upgrade with category cross-sell
C-01596,Western Australia,retail-store,silver,packs,32,27,4415.54,163.54,0.042,0,2,1,0.98,9.5,6358.38,0,VIP-loyalists,Early access and premium bundle
C-01597,South Australia,paid-social,none,jackets,10,5,397.89,79.58,0.199,0.085,0,22,0.52,7.9,485.43,0,Emerging-shoppers,Second-purchase education sequence
C-01598,Victoria,paid-social,none,recovery,28,17,1391.68,81.86,0.157,0.108,2,23,0.676,7,1948.35,0,Frequent-regulars,Free shipping threshold reminder
C-01599,Victoria,paid-social,silver,hydration,22,7,590.33,84.33,0.15,0.031,0,24,0.443,5.6,791.04,0,Frequent-regulars,Free shipping threshold reminder
C-01600,Tasmania,organic,silver,hydration,20,23,3232.77,140.56,0.037,0.021,2,21,0.627,7.5,4267.26,0,High-value-loyalists,Loyalty upgrade with category cross-sell
C-01601,New South Wales,organic,bronze,accessories,32,12,983.26,81.94,0.218,0.079,2,33,0.284,6.3,1415.89,0,Frequent-regulars,Free shipping threshold reminder
C-01602,Queensland,organic,none,accessories,17,13,1275.82,98.14,0.223,0.074,1,32,0.413,7.2,1645.81,1,Frequent-regulars,Free shipping threshold reminder
C-01603,New South Wales,referral,gold,jackets,21,15,1942.19,129.48,0.168,0.049,1,24,0.784,8.4,2583.11,0,High-value-loyalists,Loyalty upgrade with category cross-sell
C-01604,Western Australia,paid-social,bronze,footwear,30,6,447.08,74.51,0.226,0.127,1,160,0.212,4.6,634.85,1,Lapsing-customers,Win-back offer with service recovery
C-01605,South Australia,referral,silver,accessories,7,4,325.06,81.27,0.204,0.128,0,17,0.654,7.6,386.82,0,Emerging-shoppers,Second-purchase education sequence
C-01606,Tasmania,search,silver,hydration,19,9,794.42,88.27,0.163,0.032,0,32,0.661,7.2,1040.69,0,Frequent-regulars,Free shipping threshold reminder
C-01607,South Australia,search,bronze,jackets,8,3,270.81,90.27,0.203,0.085,2,24,0.704,6.8,324.97,0,Emerging-shoppers,Second-purchase education sequence
C-01608,Western Australia,referral,none,footwear,10,5,374.49,74.9,0.338,0.05,0,20,0.641,8.1,456.88,0,Emerging-shoppers,Second-purchase education sequence
C-01609,Western Australia,paid-social,bronze,accessories,16,5,329.55,65.91,0.347,0.07,2,25,0.654,7.4,421.82,0,Emerging-shoppers,Second-purchase education sequence
C-01610,Victoria,referral,silver,jackets,32,14,1781.72,127.27,0.131,0.009,2,21,0.808,7.9,2565.68,0,High-value-loyalists,Loyalty upgrade with category cross-sell
C-01611,Tasmania,referral,none,apparel,21,14,1312.77,93.77,0.183,0.145,2,18,0.665,7.1,1745.98,0,Frequent-regulars,Free shipping threshold reminder
C-01612,Western Australia,retail-store,silver,camp,26,13,1103.06,84.85,0.144,0.008,2,29,0.554,7.1,1522.22,0,Frequent-regulars,Free shipping threshold reminder
C-01613,Western Australia,referral,bronze,accessories,21,18,1513.84,84.1,0.205,0.183,0,35,0.453,7.2,2013.41,0,Frequent-regulars,Free shipping threshold reminder
C-01614,Western Australia,organic,none,accessories,39,12,983.71,81.98,0.107,0.069,2,22,0.618,7.9,1485.4,0,Frequent-regulars,Free shipping threshold reminder
C-01615,Victoria,referral,silver,packs,31,20,2568.73,128.44,0.121,0,0,20,0.808,7.9,3673.28,0,High-value-loyalists,Loyalty upgrade with category cross-sell
C-01616,Victoria,paid-social,none,footwear,23,4,282.78,70.69,0.213,0.127,1,191,0.143,5.6,381.75,1,Lapsing-customers,Win-back offer with service recovery
C-01617,Tasmania,paid-social,none,jackets,33,4,316.78,79.19,0.207,0.124,2,127,0.188,7.7,459.33,0,Lapsing-customers,Win-back offer with service recovery
C-01618,Tasmania,retail-store,silver,jackets,5,3,244.06,81.35,0.277,0.027,1,25,0.465,6.9,285.55,0,Emerging-shoppers,Second-purchase education sequence
C-01619,Victoria,referral,bronze,hydration,26,4,256.06,64.02,0.272,0.137,2,98,0.116,6,353.36,1,Lapsing-customers,Win-back offer with service recovery
C-01620,Victoria,search,none,packs,23,6,411.43,68.57,0.389,0.205,3,147,0.168,5.2,555.43,0,Lapsing-customers,Win-back offer with service recovery
C-01621,Tasmania,search,none,accessories,15,6,449.1,74.85,0.315,0.185,3,94,0.321,6.6,570.36,0,Lapsing-customers,Win-back offer with service recovery
C-01622,Tasmania,retail-store,silver,camp,29,9,649.62,72.18,0.338,0.155,3,152,0.1,6,915.96,0,Lapsing-customers,Win-back offer with service recovery
C-01623,Western Australia,organic,silver,jackets,8,6,414.47,69.08,0.273,0.111,1,24,0.639,7.7,497.36,0,Emerging-shoppers,Second-purchase education sequence
C-01624,Western Australia,search,silver,jackets,2,6,411.03,68.51,0.261,0.072,0,28,0.777,7.6,468.57,1,Emerging-shoppers,Second-purchase education sequence
C-01625,New South Wales,organic,silver,jackets,23,18,2327.32,129.3,0.09,0.089,1,20,0.712,7.9,3141.88,0,High-value-loyalists,Loyalty upgrade with category cross-sell
C-01626,Queensland,paid-social,none,accessories,11,14,1219.74,87.12,0.191,0.092,2,31,0.505,7.3,1500.28,0,Frequent-regulars,Free shipping threshold reminder
C-01627,Tasmania,paid-social,gold,recovery,34,22,2856.4,129.84,0.116,0.01,3,10,0.619,8.3,4170.34,0,High-value-loyalists,Loyalty upgrade with category cross-sell
C-01628,Western Australia,retail-store,gold,jackets,37,16,2576.11,161.01,0.077,0.017,2,11,0.778,9,3838.4,0,VIP-loyalists,Early access and premium bundle
C-01629,Tasmania,organic,bronze,packs,13,4,259.04,64.76,0.213,0.052,1,12,0.686,8.1,323.8,0,Emerging-shoppers,Second-purchase education sequence
C-01630,South Australia,retail-store,silver,apparel,19,13,1001.67,77.05,0.139,0.108,0,24,0.739,6.9,1312.19,1,Frequent-regulars,Free shipping threshold reminder
C-01631,Tasmania,retail-store,silver,camp,24,17,2269.7,133.51,0.174,0.081,2,17,0.757,8.5,3086.79,0,High-value-loyalists,Loyalty upgrade with category cross-sell
C-01632,Victoria,organic,silver,recovery,6,3,193.22,64.41,0.184,0.132,1,23,0.78,9.5,228,0,Emerging-shoppers,Second-purchase education sequence
C-01633,New South Wales,organic,silver,recovery,22,10,904.81,90.48,0.226,0.086,1,28,0.629,5.6,1212.45,0,Frequent-regulars,Free shipping threshold reminder
C-01634,Victoria,organic,none,recovery,32,6,437.04,72.84,0.33,0.176,4,120,0.196,5.7,629.34,1,Lapsing-customers,Win-back offer with service recovery
C-01635,Victoria,paid-social,none,camp,13,6,457.19,76.2,0.239,0.1,0,28,0.502,7.8,571.49,0,Emerging-shoppers,Second-purchase education sequence
C-01636,Queensland,search,bronze,camp,13,2,157.11,78.56,0.177,0.153,0,26,0.662,9.1,196.39,0,Emerging-shoppers,Second-purchase education sequence
C-01637,Queensland,paid-social,bronze,accessories,13,6,453.83,75.64,0.368,0.13,2,164,0.214,6.6,567.29,0,Lapsing-customers,Win-back offer with service recovery
C-01638,Victoria,paid-social,silver,accessories,20,22,2839.38,129.06,0.049,0.081,1,14,0.794,8.6,3747.98,0,High-value-loyalists,Loyalty upgrade with category cross-sell
C-01639,Western Australia,referral,silver,footwear,18,9,1073.87,119.32,0.153,0.05,1,21,0.64,7.9,1396.03,0,High-value-loyalists,Loyalty upgrade with category cross-sell
C-01640,Western Australia,paid-social,none,hydration,34,10,927.82,92.78,0.29,0.121,2,31,0.635,7.2,1354.62,1,Frequent-regulars,Free shipping threshold reminder
C-01641,Victoria,organic,bronze,apparel,8,4,255.6,63.9,0.147,0.048,2,15,0.62,6.9,306.72,0,Emerging-shoppers,Second-purchase education sequence
C-01642,South Australia,referral,none,hydration,14,2,169.83,84.91,0.232,0.128,0,20,0.794,7.9,213.99,0,Emerging-shoppers,Second-purchase education sequence
C-01643,Western Australia,paid-social,gold,hydration,31,25,4247.27,169.89,0.056,0.046,1,8,0.829,8.4,6073.6,0,VIP-loyalists,Early access and premium bundle
C-01644,New South Wales,paid-social,silver,footwear,27,15,1919.73,127.98,0.173,0.096,1,29,0.877,8.8,2668.42,0,High-value-loyalists,Loyalty upgrade with category cross-sell
C-01645,Western Australia,search,bronze,accessories,2,5,356.43,71.29,0.218,0.02,2,12,0.419,8,406.33,1,Emerging-shoppers,Second-purchase education sequence
C-01646,Western Australia,paid-social,none,camp,19,7,537.49,76.78,0.2,0.163,1,148,0.19,5.6,704.11,1,Lapsing-customers,Win-back offer with service recovery
C-01647,Victoria,referral,none,packs,21,7,517.74,73.96,0.325,0.204,2,104,0.09,6.8,688.59,0,Lapsing-customers,Win-back offer with service recovery
C-01648,Western Australia,organic,silver,packs,26,9,702.45,78.05,0.305,0.156,1,154,0.177,5.6,969.38,1,Lapsing-customers,Win-back offer with service recovery
C-01649,South Australia,paid-social,none,jackets,13,11,845.99,76.91,0.144,0.089,0,46,0.41,7.9,1057.49,0,Frequent-regulars,Free shipping threshold reminder
C-01650,Queensland,referral,gold,packs,24,16,2057.58,128.6,0.197,0.031,2,18,0.532,7.1,2798.31,0,High-value-loyalists,Loyalty upgrade with category cross-sell
C-01651,Western Australia,organic,bronze,jackets,26,4,329.39,82.35,0.41,0.139,4,137,0.226,6.3,454.56,1,Lapsing-customers,Win-back offer with service recovery
C-01652,New South Wales,organic,bronze,apparel,33,6,374.04,62.34,0.409,0.127,3,96,0.097,7.3,542.36,1,Lapsing-customers,Win-back offer with service recovery
C-01653,New South Wales,referral,none,jackets,28,9,732.53,81.39,0.175,0.083,0,30,0.563,7.6,1025.54,0,Frequent-regulars,Free shipping threshold reminder
C-01654,Tasmania,search,none,recovery,28,9,862.02,95.78,0.143,0.067,3,21,0.452,7.9,1206.83,0,Frequent-regulars,Free shipping threshold reminder
C-01655,Victoria,referral,silver,hydration,27,20,2770.63,138.53,0.111,0.095,1,22,0.82,9.3,3851.18,0,High-value-loyalists,Loyalty upgrade with category cross-sell
C-01656,Tasmania,organic,gold,recovery,37,23,3111.59,135.29,0.08,0.084,2,9,0.706,8.5,4636.27,1,High-value-loyalists,Loyalty upgrade with category cross-sell
C-01657,Tasmania,referral,silver,apparel,21,7,565.35,80.76,0.35,0.187,0,157,0.158,5.1,751.92,0,Lapsing-customers,Win-back offer with service recovery
C-01658,South Australia,search,none,recovery,11,3,221.72,73.91,0.176,0.095,1,19,0.519,8.2,272.72,0,Emerging-shoppers,Second-purchase education sequence
C-01659,New South Wales,search,silver,recovery,35,25,3209.89,128.4,0.143,0.167,2,16,0.884,9.1,4718.54,0,High-value-loyalists,Loyalty upgrade with category cross-sell
C-01660,Victoria,organic,silver,apparel,15,14,1216.54,86.9,0.265,0.142,0,36,0.533,7.2,1545.01,0,Frequent-regulars,Free shipping threshold reminder
C-01661,Tasmania,referral,bronze,jackets,17,12,1089.03,90.75,0.217,0.094,3,29,0.51,6.4,1404.85,0,Frequent-regulars,Free shipping threshold reminder
C-01662,Queensland,search,silver,accessories,31,26,4862.16,187.01,0,0.075,1,10,0.892,9.5,6952.89,0,VIP-loyalists,Early access and premium bundle
C-01663,Tasmania,retail-store,none,recovery,28,5,343.18,68.64,0.251,0.131,3,113,0.167,6.2,480.45,1,Lapsing-customers,Win-back offer with service recovery
C-01664,New South Wales,referral,none,footwear,31,9,672.62,74.74,0.476,0.163,3,109,0.176,5.1,961.85,1,Lapsing-customers,Win-back offer with service recovery
C-01665,Victoria,referral,bronze,footwear,31,8,742.4,92.8,0.314,0.227,5,113,0.228,5.8,1061.63,1,Lapsing-customers,Win-back offer with service recovery
C-01666,New South Wales,search,none,apparel,27,15,1176.84,78.46,0.137,0.105,2,31,0.35,7.8,1635.81,0,Frequent-regulars,Free shipping threshold reminder
C-01667,New South Wales,referral,silver,packs,29,9,1062.83,118.09,0.129,0.072,4,22,0.703,9.3,1498.59,0,High-value-loyalists,Loyalty upgrade with category cross-sell
C-01668,Western Australia,referral,silver,hydration,31,7,624.12,89.16,0.335,0.119,1,143,0.215,6.6,892.49,1,Lapsing-customers,Win-back offer with service recovery
C-01669,South Australia,referral,none,hydration,22,9,728.79,80.98,0.216,0.158,1,131,0.195,5.3,976.58,1,Lapsing-customers,Win-back offer with service recovery
C-01670,Queensland,referral,bronze,accessories,25,6,380.13,63.35,0.301,0.185,4,72,0.227,5.9,520.78,1,Lapsing-customers,Win-back offer with service recovery
C-01671,Victoria,organic,none,hydration,23,15,1277.15,85.14,0.23,0.134,3,27,0.569,8.5,1724.15,0,Frequent-regulars,Free shipping threshold reminder
C-01672,Victoria,organic,none,apparel,22,15,1315.27,87.68,0.213,0.084,1,27,0.517,7.7,1762.46,0,Frequent-regulars,Free shipping threshold reminder
C-01673,New South Wales,search,bronze,footwear,19,9,891.31,99.03,0.142,0.055,1,33,0.656,8.2,1167.62,0,Frequent-regulars,Free shipping threshold reminder
C-01674,Tasmania,referral,none,footwear,21,11,980.52,89.14,0.165,0.016,1,19,0.57,8.5,1304.09,0,Frequent-regulars,Free shipping threshold reminder
C-01675,Victoria,organic,none,accessories,33,5,340.4,68.08,0.324,0.184,1,154,0.193,6,493.58,1,Lapsing-customers,Win-back offer with service recovery
C-01676,Tasmania,retail-store,none,recovery,23,6,482.02,80.34,0.34,0.155,4,98,0.277,6,650.73,0,Lapsing-customers,Win-back offer with service recovery
C-01677,Victoria,referral,silver,packs,28,21,2435.89,115.99,0.254,0.036,2,20,0.709,9.1,3410.25,0,High-value-loyalists,Loyalty upgrade with category cross-sell
C-01678,Queensland,search,bronze,jackets,8,4,287.04,71.76,0.212,0.117,0,17,0.684,6.9,344.45,0,Emerging-shoppers,Second-purchase education sequence
C-01679,South Australia,paid-social,bronze,accessories,28,6,459.19,76.53,0.296,0.123,4,111,0.277,5.8,642.87,1,Lapsing-customers,Win-back offer with service recovery
C-01680,New South Wales,paid-social,bronze,accessories,16,11,879.46,79.95,0.164,0.077,3,30,0.537,7,1125.71,0,Frequent-regulars,Free shipping threshold reminder
C-01681,South Australia,referral,silver,recovery,7,5,342.2,68.44,0.123,0.082,2,24,0.74,8.7,407.22,1,Emerging-shoppers,Second-purchase education sequence
C-01682,Tasmania,search,none,camp,17,14,1201.89,85.85,0.086,0.05,2,27,0.71,7.5,1550.44,1,Frequent-regulars,Free shipping threshold reminder
C-01683,Victoria,organic,none,footwear,25,7,618.63,88.38,0.325,0.135,1,89,0.349,6.3,847.52,0,Lapsing-customers,Win-back offer with service recovery
C-01684,New South Wales,paid-social,bronze,footwear,2,6,452.54,75.42,0.227,0.049,2,18,0.506,7,515.9,0,Emerging-shoppers,Second-purchase education sequence
C-01685,Western Australia,organic,silver,jackets,8,1,69.36,69.36,0.122,0.077,0,24,0.75,8.2,83.23,0,Emerging-shoppers,Second-purchase education sequence
C-01686,Tasmania,retail-store,silver,packs,25,20,2498.36,124.92,0.128,0.058,0,24,0.877,8.7,3422.75,0,High-value-loyalists,Loyalty upgrade with category cross-sell
C-01687,New South Wales,referral,silver,apparel,28,19,2443.79,128.62,0.135,0.129,0,16,0.685,6.4,3421.31,0,High-value-loyalists,Loyalty upgrade with category cross-sell
C-01688,New South Wales,retail-store,silver,jackets,29,20,2781.58,139.08,0.018,0.077,2,12,0.753,8.5,3922.03,0,High-value-loyalists,Loyalty upgrade with category cross-sell
C-01689,Tasmania,search,silver,recovery,12,3,211.68,70.56,0.261,0.14,2,116,0.197,5.4,262.48,0,Lapsing-customers,Win-back offer with service recovery
C-01690,New South Wales,organic,bronze,packs,22,13,1133,87.15,0.23,0.063,1,27,0.687,7.3,1518.22,0,Frequent-regulars,Free shipping threshold reminder
C-01691,Tasmania,referral,silver,packs,37,27,4122.07,152.67,0.017,0.06,0,11,0.758,9.3,6141.88,0,VIP-loyalists,Early access and premium bundle
C-01692,Western Australia,organic,none,footwear,25,13,1026.58,78.97,0.202,0.061,1,25,0.511,7.9,1406.41,0,Frequent-regulars,Free shipping threshold reminder
C-01693,South Australia,referral,bronze,apparel,2,5,283.36,56.67,0.212,0.131,2,23,0.729,6.9,323.03,0,Emerging-shoppers,Second-purchase education sequence
C-01694,South Australia,paid-social,none,apparel,12,12,932.12,77.68,0.095,0.086,0,33,0.673,7.3,1155.83,1,Frequent-regulars,Free shipping threshold reminder
C-01695,New South Wales,retail-store,silver,camp,18,6,393.64,65.61,0.22,0.1,0,21,0.563,7.9,511.73,0,Emerging-shoppers,Second-purchase education sequence
C-01696,South Australia,search,none,recovery,25,2,136.09,68.05,0.316,0.198,2,104,0.188,6,186.44,1,Lapsing-customers,Win-back offer with service recovery
C-01697,Western Australia,retail-store,silver,recovery,18,16,2110.98,131.94,0.16,0.06,1,11,0.618,8.8,2744.27,0,High-value-loyalists,Loyalty upgrade with category cross-sell
C-01698,Western Australia,search,none,accessories,7,2,156.44,78.22,0.249,0,0,22,0.77,7.7,186.16,0,Emerging-shoppers,Second-purchase education sequence
C-01699,Victoria,retail-store,none,recovery,15,4,272.12,68.03,0.257,0.045,0,28,0.66,8.7,345.59,0,Emerging-shoppers,Second-purchase education sequence
C-01700,Tasmania,organic,silver,hydration,24,13,1014.95,78.07,0.214,0.095,2,27,0.5,7.8,1380.33,0,Frequent-regulars,Free shipping threshold reminder
C-01701,Tasmania,organic,silver,accessories,32,11,1434.07,130.37,0.121,0.088,0,21,0.827,9.8,2065.06,0,High-value-loyalists,Loyalty upgrade with category cross-sell
C-01702,Western Australia,referral,none,packs,4,3,221.95,73.98,0.237,0.111,2,14,0.596,6.4,257.46,0,Emerging-shoppers,Second-purchase education sequence
C-01703,Tasmania,organic,none,apparel,25,6,490.76,81.79,0.292,0.163,3,164,0.32,6.3,672.34,1,Lapsing-customers,Win-back offer with service recovery
C-01704,Tasmania,organic,none,packs,17,13,1089.88,83.84,0.134,0.091,1,25,0.519,7.9,1405.95,0,Frequent-regulars,Free shipping threshold reminder
C-01705,New South Wales,organic,none,camp,21,11,947.85,86.17,0.16,0.066,1,32,0.544,6.9,1260.64,0,Frequent-regulars,Free shipping threshold reminder
C-01706,South Australia,retail-store,silver,hydration,30,12,904.6,75.38,0.197,0.054,2,23,0.412,7.1,1284.53,0,Frequent-regulars,Free shipping threshold reminder
C-01707,New South Wales,referral,none,recovery,10,13,1036.1,79.7,0.179,0,1,26,0.593,7.5,1264.04,0,Frequent-regulars,Free shipping threshold reminder
C-01708,Queensland,retail-store,none,camp,21,12,907.39,75.62,0.175,0,1,40,0.567,7.8,1206.83,0,Frequent-regulars,Free shipping threshold reminder
C-01709,New South Wales,organic,gold,jackets,25,27,4673.32,173.09,0,0.057,0,8,0.799,9.4,6402.45,0,VIP-loyalists,Early access and premium bundle
C-01710,Western Australia,organic,gold,packs,36,23,2775.61,120.68,0.04,0.044,0,19,0.799,8.4,4107.9,0,High-value-loyalists,Loyalty upgrade with category cross-sell
C-01711,New South Wales,referral,silver,camp,9,5,303.16,60.63,0.278,0.195,1,22,0.624,8.2,366.82,1,Emerging-shoppers,Second-purchase education sequence
C-01712,New South Wales,referral,bronze,apparel,2,6,387.08,64.51,0.215,0.071,0,24,0.756,6.8,441.27,1,Emerging-shoppers,Second-purchase education sequence
C-01713,Victoria,organic,bronze,jackets,23,5,416.34,83.27,0.288,0.193,3,110,0.442,4.5,562.06,1,Lapsing-customers,Win-back offer with service recovery
C-01714,South Australia,search,none,apparel,20,10,883.53,88.35,0.19,0.019,1,39,0.525,9.8,1166.26,0,Frequent-regulars,Free shipping threshold reminder
C-01715,Queensland,search,silver,accessories,27,16,2101.64,131.35,0.001,0.111,2,22,0.701,8.7,2921.28,0,High-value-loyalists,Loyalty upgrade with category cross-sell
C-01716,New South Wales,referral,gold,apparel,26,16,1952.21,122.01,0.163,0.037,0,22,0.659,7.9,2694.05,0,High-value-loyalists,Loyalty upgrade with category cross-sell
C-01717,Victoria,paid-social,none,hydration,23,13,1209.75,93.06,0.175,0.067,1,29,0.546,7.5,1633.16,0,Frequent-regulars,Free shipping threshold reminder
C-01718,Tasmania,retail-store,silver,apparel,25,11,1018.28,92.57,0.09,0.043,2,32,0.516,6.3,1395.04,1,Frequent-regulars,Free shipping threshold reminder
C-01719,Victoria,referral,silver,jackets,23,17,2308.68,135.8,0.077,0.038,0,15,0.677,7.6,3116.72,0,High-value-loyalists,Loyalty upgrade with category cross-sell
C-01720,Queensland,search,none,packs,8,10,809.54,80.95,0.203,0.022,1,22,0.53,7.1,971.45,0,Frequent-regulars,Free shipping threshold reminder
C-01721,Queensland,search,bronze,jackets,28,13,1092.29,84.02,0.191,0.038,3,20,0.631,8.2,1529.21,1,Frequent-regulars,Free shipping threshold reminder
C-01722,Victoria,organic,silver,packs,22,11,788.71,71.7,0.161,0.127,2,17,0.433,7.3,1056.87,0,Frequent-regulars,Free shipping threshold reminder
C-01723,South Australia,search,gold,apparel,27,17,2766.27,162.72,0.025,0.027,1,9,0.878,8.8,3845.12,0,VIP-loyalists,Early access and premium bundle
C-01724,Queensland,referral,silver,camp,36,17,2357.33,138.67,0.144,0.046,2,21,0.741,8.8,3488.85,0,High-value-loyalists,Loyalty upgrade with category cross-sell
C-01725,New South Wales,organic,silver,jackets,4,6,485.27,80.88,0.167,0.035,1,21,0.709,7.8,562.91,0,Emerging-shoppers,Second-purchase education sequence
C-01726,Tasmania,retail-store,silver,footwear,3,5,352.68,70.54,0.326,0.144,0,19,0.621,7.5,405.58,1,Emerging-shoppers,Second-purchase education sequence
C-01727,Victoria,referral,silver,camp,27,5,412.17,82.43,0.299,0.14,2,114,0.389,7.2,572.92,1,Lapsing-customers,Win-back offer with service recovery
C-01728,Queensland,referral,bronze,packs,22,12,1184.78,98.73,0.204,0.081,1,36,0.581,7.9,1587.61,0,Frequent-regulars,Free shipping threshold reminder
C-01729,South Australia,referral,silver,accessories,12,4,354.27,88.57,0.266,0.071,2,28,0.806,7.6,439.29,0,Emerging-shoppers,Second-purchase education sequence
C-01730,New South Wales,organic,none,accessories,34,6,413.94,68.99,0.303,0.215,4,117,0.13,5.9,604.35,1,Lapsing-customers,Win-back offer with service recovery
C-01731,Western Australia,retail-store,bronze,recovery,20,13,1158.64,89.13,0.119,0.031,2,31,0.707,7.9,1529.4,0,Frequent-regulars,Free shipping threshold reminder
C-01732,New South Wales,retail-store,silver,camp,31,21,2929.76,139.51,0.092,0.044,1,19,0.874,7.9,4189.56,0,High-value-loyalists,Loyalty upgrade with category cross-sell
C-01733,New South Wales,retail-store,gold,packs,32,18,2315.81,128.66,0.162,0.057,1,15,0.657,10,3334.77,0,High-value-loyalists,Loyalty upgrade with category cross-sell
C-01734,Tasmania,referral,bronze,footwear,24,13,1048.56,80.66,0.124,0.087,0,32,0.613,6.9,1426.04,0,Frequent-regulars,Free shipping threshold reminder
C-01735,Western Australia,search,bronze,accessories,29,15,1226.91,81.79,0.086,0.109,0,34,0.559,7,1729.94,0,Frequent-regulars,Free shipping threshold reminder
C-01736,Victoria,search,silver,apparel,15,21,2654.09,126.39,0.18,0.054,0,21,0.577,7.3,3370.69,0,High-value-loyalists,Loyalty upgrade with category cross-sell
C-01737,Tasmania,referral,silver,apparel,13,14,1207.02,86.22,0.163,0.102,2,39,0.679,7.3,1508.78,0,Frequent-regulars,Free shipping threshold reminder
C-01738,Victoria,retail-store,silver,jackets,28,8,612.77,76.6,0.254,0.096,1,119,0.245,5.3,857.88,0,Lapsing-customers,Win-back offer with service recovery
C-01739,South Australia,referral,silver,recovery,10,11,896.12,81.47,0.176,0.093,2,42,0.586,7.4,1093.27,0,Frequent-regulars,Free shipping threshold reminder
C-01740,Victoria,paid-social,silver,camp,2,4,286.69,71.67,0.259,0.084,1,19,0.551,9.2,326.83,1,Emerging-shoppers,Second-purchase education sequence
C-01741,Victoria,referral,none,recovery,2,3,189,63,0.209,0.016,1,14,0.745,8.3,215.46,0,Emerging-shoppers,Second-purchase education sequence
C-01742,South Australia,organic,none,recovery,23,7,468.54,66.93,0.263,0.168,3,146,0.02,6.1,632.53,1,Lapsing-customers,Win-back offer with service recovery
C-01743,Tasmania,paid-social,bronze,recovery,24,15,1243.63,82.91,0.141,0.088,0,31,0.555,7.6,1691.34,0,Frequent-regulars,Free shipping threshold reminder
C-01744,Western Australia,retail-store,silver,recovery,23,16,1431.97,89.5,0.246,0.128,1,33,0.557,8.6,1933.16,0,Frequent-regulars,Free shipping threshold reminder
C-01745,Western Australia,organic,silver,hydration,24,21,2828.04,134.67,0.112,0.087,1,23,0.65,7.9,3846.13,0,High-value-loyalists,Loyalty upgrade with category cross-sell
C-01746,Victoria,retail-store,bronze,camp,6,4,327.66,81.91,0.245,0.12,1,23,0.552,7.8,386.64,0,Emerging-shoppers,Second-purchase education sequence
C-01747,Victoria,paid-social,gold,hydration,17,15,1928.6,128.57,0.175,0.025,1,14,0.571,8,2487.89,1,High-value-loyalists,Loyalty upgrade with category cross-sell
C-01748,Tasmania,paid-social,bronze,hydration,28,6,438.22,73.04,0.242,0.175,3,131,0.168,4.9,613.51,1,Lapsing-customers,Win-back offer with service recovery
C-01749,Victoria,retail-store,silver,apparel,39,32,5346.74,167.09,0.092,0,1,12,0.942,8,8073.58,0,VIP-loyalists,Early access and premium bundle
C-01750,New South Wales,paid-social,none,recovery,27,13,1234.55,94.97,0.161,0.136,1,31,0.769,7.7,1716.02,0,Frequent-regulars,Free shipping threshold reminder
C-01751,Queensland,retail-store,none,recovery,11,2,142.04,71.02,0.225,0.085,2,23,0.669,8.7,174.71,1,Emerging-shoppers,Second-purchase education sequence
C-01752,Western Australia,search,bronze,recovery,12,3,210.56,70.19,0.197,0.056,0,25,0.912,7.1,261.09,0,Emerging-shoppers,Second-purchase education sequence
C-01753,Queensland,organic,silver,accessories,30,19,2692.71,141.72,0.127,0.037,0,17,0.684,9,3823.65,0,High-value-loyalists,Loyalty upgrade with category cross-sell
C-01754,Tasmania,search,bronze,hydration,2,2,179,89.5,0.195,0.072,0,20,0.712,6.9,204.06,0,Emerging-shoppers,Second-purchase education sequence
C-01755,Queensland,retail-store,silver,apparel,31,14,2569.6,183.54,0,0.06,1,12,0.787,9.5,3674.53,0,VIP-loyalists,Early access and premium bundle
C-01756,New South Wales,organic,silver,packs,12,3,225.34,75.11,0.254,0.104,1,18,0.491,8.7,279.42,1,Emerging-shoppers,Second-purchase education sequence
C-01757,Western Australia,paid-social,none,camp,26,5,369.32,73.86,0.335,0.114,4,119,0.162,6.2,509.66,1,Lapsing-customers,Win-back offer with service recovery
C-01758,New South Wales,search,none,footwear,5,6,351.36,58.56,0.234,0.099,2,17,0.582,8.5,411.09,0,Emerging-shoppers,Second-purchase education sequence
C-01759,Tasmania,search,silver,apparel,28,13,973.28,74.87,0.228,0.085,2,31,0.52,7.4,1362.59,1,Frequent-regulars,Free shipping threshold reminder
C-01760,Western Australia,retail-store,gold,footwear,32,16,2065.53,129.1,0.111,0.04,0,23,0.645,8.9,2974.36,0,High-value-loyalists,Loyalty upgrade with category cross-sell
C-01761,Western Australia,search,bronze,apparel,6,1,76.93,76.93,0.195,0.054,0,20,0.76,8.2,90.78,1,Emerging-shoppers,Second-purchase education sequence
C-01762,Western Australia,paid-social,none,accessories,24,6,443.34,73.89,0.351,0.151,2,148,0.289,5.7,602.94,1,Lapsing-customers,Win-back offer with service recovery
C-01763,Queensland,retail-store,gold,packs,20,18,2399.23,133.29,0.197,0.043,2,12,0.831,7.8,3166.98,0,High-value-loyalists,Loyalty upgrade with category cross-sell
C-01764,New South Wales,search,silver,jackets,34,31,5052.63,162.99,0.059,0.036,0,7,0.8,9.6,7376.84,0,VIP-loyalists,Early access and premium bundle
C-01765,Tasmania,search,bronze,jackets,33,3,207.83,69.28,0.423,0.182,3,176,0.106,6.5,301.35,1,Lapsing-customers,Win-back offer with service recovery
C-01766,South Australia,paid-social,silver,accessories,25,12,902.82,75.23,0.123,0.106,1,37,0.469,6.9,1236.86,0,Frequent-regulars,Free shipping threshold reminder
C-01767,Western Australia,search,silver,hydration,18,4,268.23,67.06,0.265,0.127,2,117,0.286,6.2,348.7,1,Lapsing-customers,Win-back offer with service recovery
C-01768,South Australia,paid-social,silver,apparel,31,12,1653.8,137.82,0.159,0.044,1,20,0.726,8.1,2364.93,1,High-value-loyalists,Loyalty upgrade with category cross-sell
C-01769,South Australia,referral,silver,jackets,27,29,4872.62,168.02,0.051,0.062,0,5,0.921,10,6772.94,0,VIP-loyalists,Early access and premium bundle
C-01770,South Australia,referral,none,camp,6,3,200.23,66.74,0.214,0.098,0,12,0.665,8.4,236.27,1,Emerging-shoppers,Second-purchase education sequence
C-01771,Victoria,referral,silver,apparel,4,2,163.89,81.94,0.281,0.099,0,22,0.781,7.7,190.11,0,Emerging-shoppers,Second-purchase education sequence
C-01772,Queensland,paid-social,silver,recovery,20,21,2789.34,132.83,0.084,0.006,0,21,0.692,9,3681.93,0,High-value-loyalists,Loyalty upgrade with category cross-sell
C-01773,Western Australia,retail-store,none,packs,16,10,806.01,80.6,0.203,0.051,1,31,0.533,6.4,1031.69,0,Frequent-regulars,Free shipping threshold reminder
C-01774,Victoria,referral,gold,packs,32,22,3793.45,172.43,0,0.07,1,3,0.812,9.3,5462.57,0,VIP-loyalists,Early access and premium bundle
C-01775,Western Australia,paid-social,gold,camp,32,17,2187.41,128.67,0.168,0.073,2,20,0.741,9.1,3149.87,0,High-value-loyalists,Loyalty upgrade with category cross-sell
C-01776,Tasmania,paid-social,silver,footwear,14,5,357.43,71.49,0.262,0.078,2,20,0.48,8,450.36,0,Emerging-shoppers,Second-purchase education sequence
C-01777,Victoria,retail-store,silver,hydration,16,5,342.48,68.5,0.253,0.035,0,11,0.626,7.8,438.37,0,Emerging-shoppers,Second-purchase education sequence
C-01778,Victoria,referral,none,packs,2,4,289.71,72.43,0.144,0.059,0,27,0.531,6.6,330.27,0,Emerging-shoppers,Second-purchase education sequence
C-01779,New South Wales,search,none,jackets,26,9,610.96,67.88,0.206,0.086,3,30,0.71,8.3,843.12,0,Frequent-regulars,Free shipping threshold reminder
C-01780,Tasmania,paid-social,none,packs,4,2,201.91,100.95,0.277,0.136,1,21,0.621,7.6,234.22,0,Emerging-shoppers,Second-purchase education sequence
C-01781,Victoria,paid-social,none,apparel,22,12,993.77,82.81,0.193,0.134,1,41,0.623,7.3,1331.65,0,Frequent-regulars,Free shipping threshold reminder
C-01782,Western Australia,paid-social,gold,jackets,28,27,4409.47,163.31,0.067,0.102,2,11,0.857,8.8,6173.26,0,VIP-loyalists,Early access and premium bundle
C-01783,Western Australia,paid-social,none,packs,33,9,828.04,92,0.082,0.099,0,39,0.658,6.6,1200.66,0,Frequent-regulars,Free shipping threshold reminder
C-01784,Victoria,search,none,accessories,26,7,537.26,76.75,0.319,0.152,2,128,0.303,4.9,741.42,1,Lapsing-customers,Win-back offer with service recovery
C-01785,Tasmania,search,silver,recovery,37,15,1941.65,129.44,0.143,0.068,2,17,0.692,7.8,2893.06,0,High-value-loyalists,Loyalty upgrade with category cross-sell
C-01786,New South Wales,referral,silver,camp,11,2,168.25,84.13,0.304,0.061,0,23,0.706,6.9,206.95,0,Emerging-shoppers,Second-purchase education sequence
C-01787,Western Australia,referral,bronze,hydration,15,14,1164.01,83.14,0.113,0.077,2,24,0.686,6.9,1478.29,0,Frequent-regulars,Free shipping threshold reminder
C-01788,South Australia,organic,none,footwear,34,4,305.34,76.33,0.356,0.14,3,150,0.327,5.1,445.8,1,Lapsing-customers,Win-back offer with service recovery
C-01789,Western Australia,paid-social,gold,camp,25,17,2118.59,124.62,0.105,0.043,1,15,0.746,8.6,2902.47,0,High-value-loyalists,Loyalty upgrade with category cross-sell
C-01790,Tasmania,organic,none,accessories,17,8,562.76,70.34,0.351,0.094,1,76,0.3,6.1,725.96,1,Lapsing-customers,Win-back offer with service recovery
C-01791,Queensland,referral,none,jackets,25,3,178.42,59.47,0.353,0.164,1,141,0.191,7.3,244.44,1,Lapsing-customers,Win-back offer with service recovery
C-01792,South Australia,search,gold,packs,14,18,2423.32,134.63,0.098,0.09,0,11,0.908,9.5,3053.38,0,High-value-loyalists,Loyalty upgrade with category cross-sell
C-01793,Victoria,organic,silver,apparel,23,27,3584.69,132.77,0.005,0.039,1,19,0.782,8.7,4839.33,1,High-value-loyalists,Loyalty upgrade with category cross-sell
C-01794,Victoria,retail-store,gold,accessories,35,29,4827.95,166.48,0.088,0.092,1,10,0.851,8.8,7097.09,0,VIP-loyalists,Early access and premium bundle
C-01795,Western Australia,search,none,apparel,8,3,255.08,85.03,0.251,0.095,2,18,0.671,7.8,306.1,0,Emerging-shoppers,Second-purchase education sequence
C-01796,Queensland,search,bronze,hydration,2,4,256.95,64.24,0.322,0.119,2,23,0.889,6.8,292.92,1,Emerging-shoppers,Second-purchase education sequence
C-01797,New South Wales,retail-store,bronze,recovery,3,6,437.35,72.89,0.134,0.063,0,18,0.705,7,502.95,1,Emerging-shoppers,Second-purchase education sequence
C-01798,South Australia,search,silver,packs,4,6,409.54,68.26,0.299,0.058,0,25,0.614,8,475.07,0,Emerging-shoppers,Second-purchase education sequence
C-01799,Queensland,paid-social,none,camp,32,4,297.87,74.47,0.391,0.246,3,153,0.188,5,428.93,1,Lapsing-customers,Win-back offer with service recovery
C-01800,Tasmania,paid-social,none,recovery,31,7,510.1,72.87,0.319,0.186,2,160,0.131,6.5,729.44,1,Lapsing-customers,Win-back offer with service recovery
